Global_PortID,Logical_PortID,Port_Name,Supported_Port_Profiles,Attached_CoreID,Attached_Core_PortID,Virtual_Device_ID,Port_Type,Scope,Parent_Port,Controlling_Port
1,1,eth1/1/1,63-52-51-53-47,,,,0,0,,1
2,2,eth1/1/2,53-47,,,,0,0,,1
3,3,eth1/1/3,51-53-47,,,,0,0,,1
4,4,eth1/1/4,53-47,,,,0,0,,1
5,5,eth1/1/5,52-51-53-47,,,,0,0,,1
6,6,eth1/1/6,53-47,,,,0,0,,5
7,7,eth1/1/7,51-53-47,,,,0,0,,5
8,8,eth1/1/8,53-47,,,,0,0,,5
9,9,eth1/2/1,63-52-51-53-47,,,,0,0,,9
10,10,eth1/2/2,53-47,,,,0,0,,9
11,11,eth1/2/3,51-53-47,,,,0,0,,9
12,12,eth1/2/4,53-47,,,,0,0,,9
13,13,eth1/2/5,52-51-53-47,,,,0,0,,9
14,14,eth1/2/6,53-47,,,,0,0,,13
15,15,eth1/2/7,51-53-47,,,,0,0,,13
16,16,eth1/2/8,53-47,,,,0,0,,13
17,17,eth1/3/1,63-52-51-53-47,,,,0,0,,17
18,18,eth1/3/2,53-47,,,,0,0,,17
19,19,eth1/3/3,51-53-47,,,,0,0,,17
20,20,eth1/3/4,53-47,,,,0,0,,17
21,21,eth1/3/5,52-51-53-47,,,,0,0,,17
22,22,eth1/3/6,53-47,,,,0,0,,21
23,23,eth1/3/7,51-53-47,,,,0,0,,21
24,24,eth1/3/8,53-47,,,,0,0,,21
25,25,eth1/4/1,63-52-51-53-47,,,,0,0,,25
26,26,eth1/4/2,53-47,,,,0,0,,25
27,27,eth1/4/3,51-53-47,,,,0,0,,25
28,28,eth1/4/4,53-47,,,,0,0,,25
29,29,eth1/4/5,52-51-53-47,,,,0,0,,25
30,30,eth1/4/6,53-47,,,,0,0,,29
31,31,eth1/4/7,51-53-47,,,,0,0,,29
32,32,eth1/4/8,53-47,,,,0,0,,29
33,33,eth1/5/1,63-52-51-53-47,,,,0,0,,33
34,34,eth1/5/2,53-47,,,,0,0,,33
35,35,eth1/5/3,51-53-47,,,,0,0,,33
36,36,eth1/5/4,53-47,,,,0,0,,33
37,37,eth1/5/5,52-51-53-47,,,,0,0,,33
38,38,eth1/5/6,53-47,,,,0,0,,37
39,39,eth1/5/7,51-53-47,,,,0,0,,37
40,40,eth1/5/8,53-47,,,,0,0,,37
41,41,eth1/6/1,63-52-51-53-47,,,,0,0,,41
42,42,eth1/6/2,53-47,,,,0,0,,41
43,43,eth1/6/3,51-53-47,,,,0,0,,41
44,44,eth1/6/4,53-47,,,,0,0,,41
45,45,eth1/6/5,52-51-53-47,,,,0,0,,41
46,46,eth1/6/6,53-47,,,,0,0,,45
47,47,eth1/6/7,51-53-47,,,,0,0,,45
48,48,eth1/6/8,53-47,,,,0,0,,45
49,49,eth1/7/1,63-52-51-53-47,,,,0,0,,49
50,50,eth1/7/2,53-47,,,,0,0,,49
51,51,eth1/7/3,51-53-47,,,,0,0,,49
52,52,eth1/7/4,53-47,,,,0,0,,49
53,53,eth1/7/5,52-51-53-47,,,,0,0,,49
54,54,eth1/7/6,53-47,,,,0,0,,53
55,55,eth1/7/7,51-53-47,,,,0,0,,53
56,56,eth1/7/8,53-47,,,,0,0,,53
57,57,eth1/8/1,63-52-51-53-47,,,,0,0,,57
58,58,eth1/8/2,53-47,,,,0,0,,57
59,59,eth1/8/3,51-53-47,,,,0,0,,57
60,60,eth1/8/4,53-47,,,,0,0,,57
61,61,eth1/8/5,52-51-53-47,,,,0,0,,57
62,62,eth1/8/6,53-47,,,,0,0,,61
63,63,eth1/8/7,51-53-47,,,,0,0,,61
64,64,eth1/8/8,53-47,,,,0,0,,61
65,65,eth1/9/1,63-52-51-53-47,,,,0,0,,65
66,66,eth1/9/2,53-47,,,,0,0,,65
67,67,eth1/9/3,51-53-47,,,,0,0,,65
68,68,eth1/9/4,53-47,,,,0,0,,65
69,69,eth1/9/5,52-51-53-47,,,,0,0,,65
70,70,eth1/9/6,53-47,,,,0,0,,69
71,71,eth1/9/7,51-53-47,,,,0,0,,69
72,72,eth1/9/8,53-47,,,,0,0,,69
73,73,eth1/10/1,63-52-51-53-47,,,,0,0,,73
74,74,eth1/10/2,53-47,,,,0,0,,73
75,75,eth1/10/3,51-53-47,,,,0,0,,73
76,76,eth1/10/4,53-47,,,,0,0,,73
77,77,eth1/10/5,52-51-53-47,,,,0,0,,73
78,78,eth1/10/6,53-47,,,,0,0,,77
79,79,eth1/10/7,51-53-47,,,,0,0,,77
80,80,eth1/10/8,53-47,,,,0,0,,77
81,81,eth1/11/1,63-52-51-53-47,,,,0,0,,81
82,82,eth1/11/2,53-47,,,,0,0,,81
83,83,eth1/11/3,51-53-47,,,,0,0,,81
84,84,eth1/11/4,53-47,,,,0,0,,81
85,85,eth1/11/5,52-51-53-47,,,,0,0,,81
86,86,eth1/11/6,53-47,,,,0,0,,85
87,87,eth1/11/7,51-53-47,,,,0,0,,85
88,88,eth1/11/8,53-47,,,,0,0,,85
89,89,eth1/12/1,63-52-51-53-47,,,,0,0,,89
90,90,eth1/12/2,53-47,,,,0,0,,89
91,91,eth1/12/3,51-53-47,,,,0,0,,89
92,92,eth1/12/4,53-47,,,,0,0,,89
93,93,eth1/12/5,52-51-53-47,,,,0,0,,89
94,94,eth1/12/6,53-47,,,,0,0,,93
95,95,eth1/12/7,51-53-47,,,,0,0,,93
96,96,eth1/12/8,53-47,,,,0,0,,93
97,97,eth1/13/1,63-52-51-53-47,,,,0,0,,97
98,98,eth1/13/2,53-47,,,,0,0,,97
99,99,eth1/13/3,51-53-47,,,,0,0,,97
100,100,eth1/13/4,53-47,,,,0,0,,97
101,101,eth1/13/5,52-51-53-47,,,,0,0,,97
102,102,eth1/13/6,53-47,,,,0,0,,101
103,103,eth1/13/7,51-53-47,,,,0,0,,101
104,104,eth1/13/8,53-47,,,,0,0,,101
105,105,eth1/14/1,63-52-51-53-47,,,,0,0,,105
106,106,eth1/14/2,53-47,,,,0,0,,105
107,107,eth1/14/3,51-53-47,,,,0,0,,105
108,108,eth1/14/4,53-47,,,,0,0,,105
109,109,eth1/14/5,52-51-53-47,,,,0,0,,105
110,110,eth1/14/6,53-47,,,,0,0,,109
111,111,eth1/14/7,51-53-47,,,,0,0,,109
112,112,eth1/14/8,53-47,,,,0,0,,109
113,113,eth1/15/1,63-52-51-53-47,,,,0,0,,113
114,114,eth1/15/2,53-47,,,,0,0,,113
115,115,eth1/15/3,51-53-47,,,,0,0,,113
116,116,eth1/15/4,53-47,,,,0,0,,113
117,117,eth1/15/5,52-51-53-47,,,,0,0,,113
118,118,eth1/15/6,53-47,,,,0,0,,117
119,119,eth1/15/7,51-53-47,,,,0,0,,117
120,120,eth1/15/8,53-47,,,,0,0,,117
121,121,eth1/16/1,63-52-51-53-47,,,,0,0,,121
122,122,eth1/16/2,53-47,,,,0,0,,121
123,123,eth1/16/3,51-53-47,,,,0,0,,121
124,124,eth1/16/4,53-47,,,,0,0,,121
125,125,eth1/16/5,52-51-53-47,,,,0,0,,121
126,126,eth1/16/6,53-47,,,,0,0,,125
127,127,eth1/16/7,51-53-47,,,,0,0,,125
128,128,eth1/16/8,53-47,,,,0,0,,125
129,129,eth1/17/1,63-52-51-53-47,,,,0,0,,129
130,130,eth1/17/2,53-47,,,,0,0,,129
131,131,eth1/17/3,51-53-47,,,,0,0,,129
132,132,eth1/17/4,53-47,,,,0,0,,129
133,133,eth1/17/5,52-51-53-47,,,,0,0,,129
134,134,eth1/17/6,53-47,,,,0,0,,133
135,135,eth1/17/7,51-53-47,,,,0,0,,133
136,136,eth1/17/8,53-47,,,,0,0,,133
137,137,eth1/18/1,63-52-51-53-47,,,,0,0,,137
138,138,eth1/18/2,53-47,,,,0,0,,137
139,139,eth1/18/3,51-53-47,,,,0,0,,137
140,140,eth1/18/4,53-47,,,,0,0,,137
141,141,eth1/18/5,52-51-53-47,,,,0,0,,137
142,142,eth1/18/6,53-47,,,,0,0,,141
143,143,eth1/18/7,51-53-47,,,,0,0,,141
144,144,eth1/18/8,53-47,,,,0,0,,141
145,145,eth1/19/1,63-52-51-53-47,,,,0,0,,145
146,146,eth1/19/2,53-47,,,,0,0,,145
147,147,eth1/19/3,51-53-47,,,,0,0,,145
148,148,eth1/19/4,53-47,,,,0,0,,145
149,149,eth1/19/5,52-51-53-47,,,,0,0,,145
150,150,eth1/19/6,53-47,,,,0,0,,149
151,151,eth1/19/7,51-53-47,,,,0,0,,149
152,152,eth1/19/8,53-47,,,,0,0,,149
153,153,eth1/20/1,63-52-51-53-47,,,,0,0,,153
154,154,eth1/20/2,53-47,,,,0,0,,153
155,155,eth1/20/3,51-53-47,,,,0,0,,153
156,156,eth1/20/4,53-47,,,,0,0,,153
157,157,eth1/20/5,52-51-53-47,,,,0,0,,153
158,158,eth1/20/6,53-47,,,,0,0,,157
159,159,eth1/20/7,51-53-47,,,,0,0,,157
160,160,eth1/20/8,53-47,,,,0,0,,157
161,161,eth1/21/1,63-52-51-53-47,,,,0,0,,161
162,162,eth1/21/2,53-47,,,,0,0,,161
163,163,eth1/21/3,51-53-47,,,,0,0,,161
164,164,eth1/21/4,53-47,,,,0,0,,161
165,165,eth1/21/5,52-51-53-47,,,,0,0,,161
166,166,eth1/21/6,53-47,,,,0,0,,165
167,167,eth1/21/7,51-53-47,,,,0,0,,165
168,168,eth1/21/8,53-47,,,,0,0,,165
169,169,eth1/22/1,63-52-51-53-47,,,,0,0,,169
170,170,eth1/22/2,53-47,,,,0,0,,169
171,171,eth1/22/3,51-53-47,,,,0,0,,169
172,172,eth1/22/4,53-47,,,,0,0,,169
173,173,eth1/22/5,52-51-53-47,,,,0,0,,169
174,174,eth1/22/6,53-47,,,,0,0,,173
175,175,eth1/22/7,51-53-47,,,,0,0,,173
176,176,eth1/22/8,53-47,,,,0,0,,173
177,177,eth1/23/1,63-52-51-53-47,,,,0,0,,177
178,178,eth1/23/2,53-47,,,,0,0,,177
179,179,eth1/23/3,51-53-47,,,,0,0,,177
180,180,eth1/23/4,53-47,,,,0,0,,177
181,181,eth1/23/5,52-51-53-47,,,,0,0,,177
182,182,eth1/23/6,53-47,,,,0,0,,181
183,183,eth1/23/7,51-53-47,,,,0,0,,181
184,184,eth1/23/8,53-47,,,,0,0,,181
185,185,eth1/24/1,63-52-51-53-47,,,,0,0,,185
186,186,eth1/24/2,53-47,,,,0,0,,185
187,187,eth1/24/3,51-53-47,,,,0,0,,185
188,188,eth1/24/4,53-47,,,,0,0,,185
189,189,eth1/24/5,52-51-53-47,,,,0,0,,185
190,190,eth1/24/6,53-47,,,,0,0,,189
191,191,eth1/24/7,51-53-47,,,,0,0,,189
192,192,eth1/24/8,53-47,,,,0,0,,189
193,193,eth1/25/1,63-52-51-53-47,,,,0,0,,193
194,194,eth1/25/2,53-47,,,,0,0,,193
195,195,eth1/25/3,51-53-47,,,,0,0,,193
196,196,eth1/25/4,53-47,,,,0,0,,193
197,197,eth1/25/5,52-51-53-47,,,,0,0,,193
198,198,eth1/25/6,53-47,,,,0,0,,197
199,199,eth1/25/7,51-53-47,,,,0,0,,197
200,200,eth1/25/8,53-47,,,,0,0,,197
201,201,eth1/26/1,63-52-51-53-47,,,,0,0,,201
202,202,eth1/26/2,53-47,,,,0,0,,201
203,203,eth1/26/3,51-53-47,,,,0,0,,201
204,204,eth1/26/4,53-47,,,,0,0,,201
205,205,eth1/26/5,52-51-53-47,,,,0,0,,201
206,206,eth1/26/6,53-47,,,,0,0,,205
207,207,eth1/26/7,51-53-47,,,,0,0,,205
208,208,eth1/26/8,53-47,,,,0,0,,205
209,209,eth1/27/1,63-52-51-53-47,,,,0,0,,209
210,210,eth1/27/2,53-47,,,,0,0,,209
211,211,eth1/27/3,51-53-47,,,,0,0,,209
212,212,eth1/27/4,53-47,,,,0,0,,209
213,213,eth1/27/5,52-51-53-47,,,,0,0,,209
214,214,eth1/27/6,53-47,,,,0,0,,213
215,215,eth1/27/7,51-53-47,,,,0,0,,213
216,216,eth1/27/8,53-47,,,,0,0,,213
217,217,eth1/28/1,63-52-51-53-47,,,,0,0,,217
218,218,eth1/28/2,53-47,,,,0,0,,217
219,219,eth1/28/3,51-53-47,,,,0,0,,217
220,220,eth1/28/4,53-47,,,,0,0,,217
221,221,eth1/28/5,52-51-53-47,,,,0,0,,217
222,222,eth1/28/6,53-47,,,,0,0,,221
223,223,eth1/28/7,51-53-47,,,,0,0,,221
224,224,eth1/28/8,53-47,,,,0,0,,221
225,225,eth1/29/1,63-52-51-53-47,,,,0,0,,225
226,226,eth1/29/2,53-47,,,,0,0,,225
227,227,eth1/29/3,51-53-47,,,,0,0,,225
228,228,eth1/29/4,53-47,,,,0,0,,225
229,229,eth1/29/5,52-51-53-47,,,,0,0,,225
230,230,eth1/29/6,53-47,,,,0,0,,229
231,231,eth1/29/7,51-53-47,,,,0,0,,229
232,232,eth1/29/8,53-47,,,,0,0,,229
233,233,eth1/30/1,63-52-51-53-47,,,,0,0,,233
234,234,eth1/30/2,53-47,,,,0,0,,233
235,235,eth1/30/3,51-53-47,,,,0,0,,233
236,236,eth1/30/4,53-47,,,,0,0,,233
237,237,eth1/30/5,52-51-53-47,,,,0,0,,233
238,238,eth1/30/6,53-47,,,,0,0,,237
239,239,eth1/30/7,51-53-47,,,,0,0,,237
240,240,eth1/30/8,53-47,,,,0,0,,237
241,241,eth1/31/1,63-52-51-53-47,,,,0,0,,241
242,242,eth1/31/2,53-47,,,,0,0,,241
243,243,eth1/31/3,51-53-47,,,,0,0,,241
244,244,eth1/31/4,53-47,,,,0,0,,241
245,245,eth1/31/5,52-51-53-47,,,,0,0,,241
246,246,eth1/31/6,53-47,,,,0,0,,245
247,247,eth1/31/7,51-53-47,,,,0,0,,245
248,248,eth1/31/8,53-47,,,,0,0,,245
249,249,eth1/32/1,63-52-51-53-47,,,,0,0,,249
250,250,eth1/32/2,53-47,,,,0,0,,249
251,251,eth1/32/3,51-53-47,,,,0,0,,249
252,252,eth1/32/4,53-47,,,,0,0,,249
253,253,eth1/32/5,52-51-53-47,,,,0,0,,249
254,254,eth1/32/6,53-47,,,,0,0,,253
255,255,eth1/32/7,51-53-47,,,,0,0,,253
256,256,eth1/32/8,53-47,,,,0,0,,253
257,257,eth1/33/1,63-52-51-53-47,,,,0,0,,257
258,258,eth1/33/2,53-47,,,,0,0,,257
259,259,eth1/33/3,51-53-47,,,,0,0,,257
260,260,eth1/33/4,53-47,,,,0,0,,257
261,261,eth1/33/5,52-51-53-47,,,,0,0,,257
262,262,eth1/33/6,53-47,,,,0,0,,261
263,263,eth1/33/7,51-53-47,,,,0,0,,261
264,264,eth1/33/8,53-47,,,,0,0,,261
265,265,eth1/34/1,63-52-51-53-47,,,,0,0,,265
266,266,eth1/34/2,53-47,,,,0,0,,265
267,267,eth1/34/3,51-53-47,,,,0,0,,265
268,268,eth1/34/4,53-47,,,,0,0,,265
269,269,eth1/34/5,52-51-53-47,,,,0,0,,265
270,270,eth1/34/6,53-47,,,,0,0,,269
271,271,eth1/34/7,51-53-47,,,,0,0,,269
272,272,eth1/34/8,53-47,,,,0,0,,269
273,273,eth1/35/1,63-52-51-53-47,,,,0,0,,273
274,274,eth1/35/2,53-47,,,,0,0,,273
275,275,eth1/35/3,51-53-47,,,,0,0,,273
276,276,eth1/35/4,53-47,,,,0,0,,273
277,277,eth1/35/5,52-51-53-47,,,,0,0,,273
278,278,eth1/35/6,53-47,,,,0,0,,277
279,279,eth1/35/7,51-53-47,,,,0,0,,277
280,280,eth1/35/8,53-47,,,,0,0,,277
281,281,eth1/36/1,63-52-51-53-47,,,,0,0,,281
282,282,eth1/36/2,53-47,,,,0,0,,281
283,283,eth1/36/3,51-53-47,,,,0,0,,281
284,284,eth1/36/4,53-47,,,,0,0,,281
285,285,eth1/36/5,52-51-53-47,,,,0,0,,281
286,286,eth1/36/6,53-47,,,,0,0,,285
287,287,eth1/36/7,51-53-47,,,,0,0,,285
288,288,eth1/36/8,53-47,,,,0,0,,285
289,289,eth1/37/1,63-52-51-53-47,,,,0,0,,289
290,290,eth1/37/2,53-47,,,,0,0,,289
291,291,eth1/37/3,51-53-47,,,,0,0,,289
292,292,eth1/37/4,53-47,,,,0,0,,289
293,293,eth1/37/5,52-51-53-47,,,,0,0,,289
294,294,eth1/37/6,53-47,,,,0,0,,293
295,295,eth1/37/7,51-53-47,,,,0,0,,293
296,296,eth1/37/8,53-47,,,,0,0,,293
297,297,eth1/38/1,63-52-51-53-47,,,,0,0,,297
298,298,eth1/38/2,53-47,,,,0,0,,297
299,299,eth1/38/3,51-53-47,,,,0,0,,297
300,300,eth1/38/4,53-47,,,,0,0,,297
301,301,eth1/38/5,52-51-53-47,,,,0,0,,297
302,302,eth1/38/6,53-47,,,,0,0,,301
303,303,eth1/38/7,51-53-47,,,,0,0,,301
304,304,eth1/38/8,53-47,,,,0,0,,301
305,305,eth1/39/1,63-52-51-53-47,,,,0,0,,305
306,306,eth1/39/2,53-47,,,,0,0,,305
307,307,eth1/39/3,51-53-47,,,,0,0,,305
308,308,eth1/39/4,53-47,,,,0,0,,305
309,309,eth1/39/5,52-51-53-47,,,,0,0,,305
310,310,eth1/39/6,53-47,,,,0,0,,309
311,311,eth1/39/7,51-53-47,,,,0,0,,309
312,312,eth1/39/8,53-47,,,,0,0,,309
313,313,eth1/40/1,63-52-51-53-47,,,,0,0,,313
314,314,eth1/40/2,53-47,,,,0,0,,313
315,315,eth1/40/3,51-53-47,,,,0,0,,313
316,316,eth1/40/4,53-47,,,,0,0,,313
317,317,eth1/40/5,52-51-53-47,,,,0,0,,313
318,318,eth1/40/6,53-47,,,,0,0,,317
319,319,eth1/40/7,51-53-47,,,,0,0,,317
320,320,eth1/40/8,53-47,,,,0,0,,317
321,321,eth1/41/1,63-52-51-53-47,,,,0,0,,321
322,322,eth1/41/2,53-47,,,,0,0,,321
323,323,eth1/41/3,51-53-47,,,,0,0,,321
324,324,eth1/41/4,53-47,,,,0,0,,321
325,325,eth1/41/5,52-51-53-47,,,,0,0,,321
326,326,eth1/41/6,53-47,,,,0,0,,325
327,327,eth1/41/7,51-53-47,,,,0,0,,325
328,328,eth1/41/8,53-47,,,,0,0,,325
329,329,eth1/42/1,63-52-51-53-47,,,,0,0,,329
330,330,eth1/42/2,53-47,,,,0,0,,329
331,331,eth1/42/3,51-53-47,,,,0,0,,329
332,332,eth1/42/4,53-47,,,,0,0,,329
333,333,eth1/42/5,52-51-53-47,,,,0,0,,329
334,334,eth1/42/6,53-47,,,,0,0,,333
335,335,eth1/42/7,51-53-47,,,,0,0,,333
336,336,eth1/42/8,53-47,,,,0,0,,333
337,337,eth1/43/1,63-52-51-53-47,,,,0,0,,337
338,338,eth1/43/2,53-47,,,,0,0,,337
339,339,eth1/43/3,51-53-47,,,,0,0,,337
340,340,eth1/43/4,53-47,,,,0,0,,337
341,341,eth1/43/5,52-51-53-47,,,,0,0,,337
342,342,eth1/43/6,53-47,,,,0,0,,341
343,343,eth1/43/7,51-53-47,,,,0,0,,341
344,344,eth1/43/8,53-47,,,,0,0,,341
345,345,eth1/44/1,63-52-51-53-47,,,,0,0,,345
346,346,eth1/44/2,53-47,,,,0,0,,345
347,347,eth1/44/3,51-53-47,,,,0,0,,345
348,348,eth1/44/4,53-47,,,,0,0,,345
349,349,eth1/44/5,52-51-53-47,,,,0,0,,345
350,350,eth1/44/6,53-47,,,,0,0,,349
351,351,eth1/44/7,51-53-47,,,,0,0,,349
352,352,eth1/44/8,53-47,,,,0,0,,349
353,353,eth1/45/1,63-52-51-53-47,,,,0,0,,353
354,354,eth1/45/2,53-47,,,,0,0,,353
355,355,eth1/45/3,51-53-47,,,,0,0,,353
356,356,eth1/45/4,53-47,,,,0,0,,353
357,357,eth1/45/5,52-51-53-47,,,,0,0,,353
358,358,eth1/45/6,53-47,,,,0,0,,357
359,359,eth1/45/7,51-53-47,,,,0,0,,357
360,360,eth1/45/8,53-47,,,,0,0,,357
361,361,eth1/46/1,63-52-51-53-47,,,,0,0,,361
362,362,eth1/46/2,53-47,,,,0,0,,361
363,363,eth1/46/3,51-53-47,,,,0,0,,361
364,364,eth1/46/4,53-47,,,,0,0,,361
365,365,eth1/46/5,52-51-53-47,,,,0,0,,361
366,366,eth1/46/6,53-47,,,,0,0,,365
367,367,eth1/46/7,51-53-47,,,,0,0,,365
368,368,eth1/46/8,53-47,,,,0,0,,365
369,369,eth1/47/1,63-52-51-53-47,,,,0,0,,369
370,370,eth1/47/2,53-47,,,,0,0,,369
371,371,eth1/47/3,51-53-47,,,,0,0,,369
372,372,eth1/47/4,53-47,,,,0,0,,369
373,373,eth1/47/5,52-51-53-47,,,,0,0,,369
374,374,eth1/47/6,53-47,,,,0,0,,373
375,375,eth1/47/7,51-53-47,,,,0,0,,373
376,376,eth1/47/8,53-47,,,,0,0,,373
377,377,eth1/48/1,63-52-51-53-47,,,,0,0,,377
378,378,eth1/48/2,53-47,,,,0,0,,377
379,379,eth1/48/3,51-53-47,,,,0,0,,377
380,380,eth1/48/4,53-47,,,,0,0,,377
381,381,eth1/48/5,52-51-53-47,,,,0,0,,377
382,382,eth1/48/6,53-47,,,,0,0,,381
383,383,eth1/48/7,51-53-47,,,,0,0,,381
384,384,eth1/48/8,53-47,,,,0,0,,381
385,385,eth1/49/1,63-52-51-53-47,,,,0,0,,385
386,386,eth1/49/2,53-47,,,,0,0,,385
387,387,eth1/49/3,51-53-47,,,,0,0,,385
388,388,eth1/49/4,53-47,,,,0,0,,385
389,389,eth1/49/5,52-51-53-47,,,,0,0,,385
390,390,eth1/49/6,53-47,,,,0,0,,389
391,391,eth1/49/7,51-53-47,,,,0,0,,389
392,392,eth1/49/8,53-47,,,,0,0,,389
393,393,eth1/50/1,63-52-51-53-47,,,,0,0,,393
394,394,eth1/50/2,53-47,,,,0,0,,393
395,395,eth1/50/3,51-53-47,,,,0,0,,393
396,396,eth1/50/4,53-47,,,,0,0,,393
397,397,eth1/50/5,52-51-53-47,,,,0,0,,393
398,398,eth1/50/6,53-47,,,,0,0,,397
399,399,eth1/50/7,51-53-47,,,,0,0,,397
400,400,eth1/50/8,53-47,,,,0,0,,397
401,401,eth1/51/1,63-52-51-53-47,,,,0,0,,401
402,402,eth1/51/2,53-47,,,,0,0,,401
403,403,eth1/51/3,51-53-47,,,,0,0,,401
404,404,eth1/51/4,53-47,,,,0,0,,401
405,405,eth1/51/5,52-51-53-47,,,,0,0,,401
406,406,eth1/51/6,53-47,,,,0,0,,405
407,407,eth1/51/7,51-53-47,,,,0,0,,405
408,408,eth1/51/8,53-47,,,,0,0,,405
409,409,eth1/52/1,63-52-51-53-47,,,,0,0,,409
410,410,eth1/52/2,53-47,,,,0,0,,409
411,411,eth1/52/3,51-53-47,,,,0,0,,409
412,412,eth1/52/4,53-47,,,,0,0,,409
413,413,eth1/52/5,52-51-53-47,,,,0,0,,409
414,414,eth1/52/6,53-47,,,,0,0,,413
415,415,eth1/52/7,51-53-47,,,,0,0,,413
416,416,eth1/52/8,53-47,,,,0,0,,413
417,417,eth1/53/1,63-52-51-53-47,,,,0,0,,417
418,418,eth1/53/2,53-47,,,,0,0,,417
419,419,eth1/53/3,51-53-47,,,,0,0,,417
420,420,eth1/53/4,53-47,,,,0,0,,417
421,421,eth1/53/5,52-51-53-47,,,,0,0,,417
422,422,eth1/53/6,53-47,,,,0,0,,421
423,423,eth1/53/7,51-53-47,,,,0,0,,421
424,424,eth1/53/8,53-47,,,,0,0,,421
425,425,eth1/54/1,63-52-51-53-47,,,,0,0,,425
426,426,eth1/54/2,53-47,,,,0,0,,425
427,427,eth1/54/3,51-53-47,,,,0,0,,425
428,428,eth1/54/4,53-47,,,,0,0,,425
429,429,eth1/54/5,52-51-53-47,,,,0,0,,425
430,430,eth1/54/6,53-47,,,,0,0,,429
431,431,eth1/54/7,51-53-47,,,,0,0,,429
432,432,eth1/54/8,53-47,,,,0,0,,429
433,433,eth1/55/1,63-52-51-53-47,,,,0,0,,433
434,434,eth1/55/2,53-47,,,,0,0,,433
435,435,eth1/55/3,51-53-47,,,,0,0,,433
436,436,eth1/55/4,53-47,,,,0,0,,433
437,437,eth1/55/5,52-51-53-47,,,,0,0,,433
438,438,eth1/55/6,53-47,,,,0,0,,437
439,439,eth1/55/7,51-53-47,,,,0,0,,437
440,440,eth1/55/8,53-47,,,,0,0,,437
441,441,eth1/56/1,63-52-51-53-47,,,,0,0,,441
442,442,eth1/56/2,53-47,,,,0,0,,441
443,443,eth1/56/3,51-53-47,,,,0,0,,441
444,444,eth1/56/4,53-47,,,,0,0,,441
445,445,eth1/56/5,52-51-53-47,,,,0,0,,441
446,446,eth1/56/6,53-47,,,,0,0,,445
447,447,eth1/56/7,51-53-47,,,,0,0,,445
448,448,eth1/56/8,53-47,,,,0,0,,445
449,449,eth1/57/1,63-52-51-53-47,,,,0,0,,449
450,450,eth1/57/2,53-47,,,,0,0,,449
451,451,eth1/57/3,51-53-47,,,,0,0,,449
452,452,eth1/57/4,53-47,,,,0,0,,449
453,453,eth1/57/5,52-51-53-47,,,,0,0,,449
454,454,eth1/57/6,53-47,,,,0,0,,453
455,455,eth1/57/7,51-53-47,,,,0,0,,453
456,456,eth1/57/8,53-47,,,,0,0,,453
457,457,eth1/58/1,63-52-51-53-47,,,,0,0,,457
458,458,eth1/58/2,53-47,,,,0,0,,457
459,459,eth1/58/3,51-53-47,,,,0,0,,457
460,460,eth1/58/4,53-47,,,,0,0,,457
461,461,eth1/58/5,52-51-53-47,,,,0,0,,457
462,462,eth1/58/6,53-47,,,,0,0,,461
463,463,eth1/58/7,51-53-47,,,,0,0,,461
464,464,eth1/58/8,53-47,,,,0,0,,461
465,465,eth1/59/1,63-52-51-53-47,,,,0,0,,465
466,466,eth1/59/2,53-47,,,,0,0,,465
467,467,eth1/59/3,51-53-47,,,,0,0,,465
468,468,eth1/59/4,53-47,,,,0,0,,465
469,469,eth1/59/5,52-51-53-47,,,,0,0,,465
470,470,eth1/59/6,53-47,,,,0,0,,469
471,471,eth1/59/7,51-53-47,,,,0,0,,469
472,472,eth1/59/8,53-47,,,,0,0,,469
473,473,eth1/60/1,63-52-51-53-47,,,,0,0,,473
474,474,eth1/60/2,53-47,,,,0,0,,473
475,475,eth1/60/3,51-53-47,,,,0,0,,473
476,476,eth1/60/4,53-47,,,,0,0,,473
477,477,eth1/60/5,52-51-53-47,,,,0,0,,473
478,478,eth1/60/6,53-47,,,,0,0,,477
479,479,eth1/60/7,51-53-47,,,,0,0,,477
480,480,eth1/60/8,53-47,,,,0,0,,477
481,481,eth1/61/1,63-52-51-53-47,,,,0,0,,481
482,482,eth1/61/2,53-47,,,,0,0,,481
483,483,eth1/61/3,51-53-47,,,,0,0,,481
484,484,eth1/61/4,53-47,,,,0,0,,481
485,485,eth1/61/5,52-51-53-47,,,,0,0,,481
486,486,eth1/61/6,53-47,,,,0,0,,485
487,487,eth1/61/7,51-53-47,,,,0,0,,485
488,488,eth1/61/8,53-47,,,,0,0,,485
489,489,eth1/62/1,63-52-51-53-47,,,,0,0,,489
490,490,eth1/62/2,53-47,,,,0,0,,489
491,491,eth1/62/3,51-53-47,,,,0,0,,489
492,492,eth1/62/4,53-47,,,,0,0,,489
493,493,eth1/62/5,52-51-53-47,,,,0,0,,489
494,494,eth1/62/6,53-47,,,,0,0,,493
495,495,eth1/62/7,51-53-47,,,,0,0,,493
496,496,eth1/62/8,53-47,,,,0,0,,493
497,497,eth1/63/1,63-52-51-53-47,,,,0,0,,497
498,498,eth1/63/2,53-47,,,,0,0,,497
499,499,eth1/63/3,51-53-47,,,,0,0,,497
500,500,eth1/63/4,53-47,,,,0,0,,497
501,501,eth1/63/5,52-51-53-47,,,,0,0,,497
502,502,eth1/63/6,53-47,,,,0,0,,501
503,503,eth1/63/7,51-53-47,,,,0,0,,501
504,504,eth1/63/8,53-47,,,,0,0,,501
505,505,eth1/64/1,63-52-51-53-47,,,,0,0,,505
506,506,eth1/64/2,53-47,,,,0,0,,505
507,507,eth1/64/3,51-53-47,,,,0,0,,505
508,508,eth1/64/4,53-47,,,,0,0,,505
509,509,eth1/64/5,52-51-53-47,,,,0,0,,505
510,510,eth1/64/6,53-47,,,,0,0,,509
511,511,eth1/64/7,51-53-47,,,,0,0,,509
512,512,eth1/64/8,53-47,,,,0,0,,509
513,513,eth1/65/1,22-23,,,,4,0,,513
