SLOT_ID,CHIP_ID,CHIP_TYPE,CORE_ID,CORE_TYPE,CORE_LANE,LANE_SPEED(mbps),MEDIA_TYPE,TCVR_VENDOR,TCVR_PART_NUM,TCVR_MEDIA,NIC_VENDOR,CABLE_LENGTH(m),TX_PRE3,TX_PRE2,TX_PRE1,TX_MAIN,TX_POST1,TX_POST2,TX_POST3,RX_CTLE_CODE,RX_DSP_MODE,RX_AFE_TRIM
1,1,NPU,0,Q4D_NIF,0,100000,COPPER,,,,,,0,0,0,0,0,0,0,0,0,0
1,1,NPU,0,Q4D_NIF,0,100000,OPTICAL,,,,,,0,0,0,0,0,0,0,0,0,0
1,1,NPU,0,Q4D_NIF,1,100000,COPPER,,,,,,0,0,0,0,0,0,0,0,0,0
1,1,NPU,0,Q4D_NIF,1,100000,OPTICAL,,,,,,0,0,0,0,0,0,0,0,0,0
1,1,NPU,0,Q4D_NIF,2,100000,COPPER,,,,,,0,0,0,0,0,0,0,0,0,0
1,1,NPU,0,Q4D_NIF,2,100000,OPTICAL,,,,,,0,0,0,0,0,0,0,0,0,0
1,1,NPU,0,Q4D_NIF,3,100000,COPPER,,,,,,0,0,0,0,0,0,0,0,0,0
1,1,NPU,0,Q4D_NIF,3,100000,OPTICAL,,,,,,0,0,0,0,0,0,0,0,0,0
1,1,NPU,0,Q4D_NIF,4,100000,COPPER,,,,,,0,0,0,0,0,0,0,0,0,0
1,1,NPU,0,Q4D_NIF,4,100000,OPTICAL,,,,,,0,0,0,0,0,0,0,0,0,0
1,1,NPU,0,Q4D_NIF,5,100000,COPPER,,,,,,0,0,0,0,0,0,0,0,0,0
1,1,NPU,0,Q4D_NIF,5,100000,OPTICAL,,,,,,0,0,0,0,0,0,0,0,0,0
1,1,NPU,0,Q4D_NIF,6,100000,COPPER,,,,,,0,0,0,0,0,0,0,0,0,0
1,1,NPU,0,Q4D_NIF,6,100000,OPTICAL,,,,,,0,0,0,0,0,0,0,0,0,0
1,1,NPU,0,Q4D_NIF,7,100000,COPPER,,,,,,0,0,0,0,0,0,0,0,0,0
1,1,NPU,0,Q4D_NIF,7,100000,OPTICAL,,,,,,0,0,0,0,0,0,0,0,0,0
1,1,NPU,1,Q4D_NIF,0,100000,COPPER,,,,,,0,0,0,0,0,0,0,0,0,0
1,1,NPU,1,Q4D_NIF,0,100000,OPTICAL,,,,,,0,0,0,0,0,0,0,0,0,0
1,1,NPU,1,Q4D_NIF,1,100000,COPPER,,,,,,0,0,0,0,0,0,0,0,0,0
1,1,NPU,1,Q4D_NIF,1,100000,OPTICAL,,,,,,0,0,0,0,0,0,0,0,0,0
1,1,NPU,1,Q4D_NIF,2,100000,COPPER,,,,,,0,0,0,0,0,0,0,0,0,0
1,1,NPU,1,Q4D_NIF,2,100000,OPTICAL,,,,,,0,0,0,0,0,0,0,0,0,0
1,1,NPU,1,Q4D_NIF,3,100000,COPPER,,,,,,0,0,0,0,0,0,0,0,0,0
1,1,NPU,1,Q4D_NIF,3,100000,OPTICAL,,,,,,0,0,0,0,0,0,0,0,0,0
1,1,NPU,1,Q4D_NIF,4,100000,COPPER,,,,,,0,0,0,0,0,0,0,0,0,0
1,1,NPU,1,Q4D_NIF,4,100000,OPTICAL,,,,,,0,0,0,0,0,0,0,0,0,0
1,1,NPU,1,Q4D_NIF,5,100000,COPPER,,,,,,0,0,0,0,0,0,0,0,0,0
1,1,NPU,1,Q4D_NIF,5,100000,OPTICAL,,,,,,0,0,0,0,0,0,0,0,0,0
1,1,NPU,1,Q4D_NIF,6,100000,COPPER,,,,,,0,0,0,0,0,0,0,0,0,0
1,1,NPU,1,Q4D_NIF,6,100000,OPTICAL,,,,,,0,0,0,0,0,0,0,0,0,0
1,1,NPU,1,Q4D_NIF,7,100000,COPPER,,,,,,0,0,0,0,0,0,0,0,0,0
1,1,NPU,1,Q4D_NIF,7,100000,OPTICAL,,,,,,0,0,0,0,0,0,0,0,0,0
1,1,NPU,2,Q4D_NIF,0,100000,COPPER,,,,,,0,0,0,0,0,0,0,0,0,0
1,1,NPU,2,Q4D_NIF,0,100000,OPTICAL,,,,,,0,0,0,0,0,0,0,0,0,0
1,1,NPU,2,Q4D_NIF,1,100000,COPPER,,,,,,0,0,0,0,0,0,0,0,0,0
1,1,NPU,2,Q4D_NIF,1,100000,OPTICAL,,,,,,0,0,0,0,0,0,0,0,0,0
1,1,NPU,2,Q4D_NIF,2,100000,COPPER,,,,,,0,0,0,0,0,0,0,0,0,0
1,1,NPU,2,Q4D_NIF,2,100000,OPTICAL,,,,,,0,0,0,0,0,0,0,0,0,0
1,1,NPU,2,Q4D_NIF,3,100000,COPPER,,,,,,0,0,0,0,0,0,0,0,0,0
1,1,NPU,2,Q4D_NIF,3,100000,OPTICAL,,,,,,0,0,0,0,0,0,0,0,0,0
1,1,NPU,2,Q4D_NIF,4,100000,COPPER,,,,,,0,0,0,0,0,0,0,0,0,0
1,1,NPU,2,Q4D_NIF,4,100000,OPTICAL,,,,,,0,0,0,0,0,0,0,0,0,0
1,1,NPU,2,Q4D_NIF,5,100000,COPPER,,,,,,0,0,0,0,0,0,0,0,0,0
1,1,NPU,2,Q4D_NIF,5,100000,OPTICAL,,,,,,0,0,0,0,0,0,0,0,0,0
1,1,NPU,2,Q4D_NIF,6,100000,COPPER,,,,,,0,0,0,0,0,0,0,0,0,0
1,1,NPU,2,Q4D_NIF,6,100000,OPTICAL,,,,,,0,0,0,0,0,0,0,0,0,0
1,1,NPU,2,Q4D_NIF,7,100000,COPPER,,,,,,0,0,0,0,0,0,0,0,0,0
1,1,NPU,2,Q4D_NIF,7,100000,OPTICAL,,,,,,0,0,0,0,0,0,0,0,0,0
1,1,NPU,3,Q4D_NIF,0,100000,COPPER,,,,,,0,0,0,0,0,0,0,0,0,0
1,1,NPU,3,Q4D_NIF,0,100000,OPTICAL,,,,,,0,0,0,0,0,0,0,0,0,0
1,1,NPU,3,Q4D_NIF,1,100000,COPPER,,,,,,0,0,0,0,0,0,0,0,0,0
1,1,NPU,3,Q4D_NIF,1,100000,OPTICAL,,,,,,0,0,0,0,0,0,0,0,0,0
1,1,NPU,3,Q4D_NIF,2,100000,COPPER,,,,,,0,0,0,0,0,0,0,0,0,0
1,1,NPU,3,Q4D_NIF,2,100000,OPTICAL,,,,,,0,0,0,0,0,0,0,0,0,0
1,1,NPU,3,Q4D_NIF,3,100000,COPPER,,,,,,0,0,0,0,0,0,0,0,0,0
1,1,NPU,3,Q4D_NIF,3,100000,OPTICAL,,,,,,0,0,0,0,0,0,0,0,0,0
1,1,NPU,3,Q4D_NIF,4,100000,COPPER,,,,,,0,0,0,0,0,0,0,0,0,0
1,1,NPU,3,Q4D_NIF,4,100000,OPTICAL,,,,,,0,0,0,0,0,0,0,0,0,0
1,1,NPU,3,Q4D_NIF,5,100000,COPPER,,,,,,0,0,0,0,0,0,0,0,0,0
1,1,NPU,3,Q4D_NIF,5,100000,OPTICAL,,,,,,0,0,0,0,0,0,0,0,0,0
1,1,NPU,3,Q4D_NIF,6,100000,COPPER,,,,,,0,0,0,0,0,0,0,0,0,0
1,1,NPU,3,Q4D_NIF,6,100000,OPTICAL,,,,,,0,0,0,0,0,0,0,0,0,0
1,1,NPU,3,Q4D_NIF,7,100000,COPPER,,,,,,0,0,0,0,0,0,0,0,0,0
1,1,NPU,3,Q4D_NIF,7,100000,OPTICAL,,,,,,0,0,0,0,0,0,0,0,0,0
1,1,NPU,4,Q4D_NIF,0,100000,COPPER,,,,,,0,0,0,0,0,0,0,0,0,0
1,1,NPU,4,Q4D_NIF,0,100000,OPTICAL,,,,,,0,0,0,0,0,0,0,0,0,0
1,1,NPU,4,Q4D_NIF,1,100000,COPPER,,,,,,0,0,0,0,0,0,0,0,0,0
1,1,NPU,4,Q4D_NIF,1,100000,OPTICAL,,,,,,0,0,0,0,0,0,0,0,0,0
1,1,NPU,4,Q4D_NIF,2,100000,COPPER,,,,,,0,0,0,0,0,0,0,0,0,0
1,1,NPU,4,Q4D_NIF,2,100000,OPTICAL,,,,,,0,0,0,0,0,0,0,0,0,0
1,1,NPU,4,Q4D_NIF,3,100000,COPPER,,,,,,0,0,0,0,0,0,0,0,0,0
1,1,NPU,4,Q4D_NIF,3,100000,OPTICAL,,,,,,0,0,0,0,0,0,0,0,0,0
1,1,NPU,4,Q4D_NIF,4,100000,COPPER,,,,,,0,0,0,0,0,0,0,0,0,0
1,1,NPU,4,Q4D_NIF,4,100000,OPTICAL,,,,,,0,0,0,0,0,0,0,0,0,0
1,1,NPU,4,Q4D_NIF,5,100000,COPPER,,,,,,0,0,0,0,0,0,0,0,0,0
1,1,NPU,4,Q4D_NIF,5,100000,OPTICAL,,,,,,0,0,0,0,0,0,0,0,0,0
1,1,NPU,4,Q4D_NIF,6,100000,COPPER,,,,,,0,0,0,0,0,0,0,0,0,0
1,1,NPU,4,Q4D_NIF,6,100000,OPTICAL,,,,,,0,0,0,0,0,0,0,0,0,0
1,1,NPU,4,Q4D_NIF,7,100000,COPPER,,,,,,0,0,0,0,0,0,0,0,0,0
1,1,NPU,4,Q4D_NIF,7,100000,OPTICAL,,,,,,0,0,0,0,0,0,0,0,0,0
1,1,NPU,5,Q4D_NIF,0,100000,COPPER,,,,,,0,0,0,0,0,0,0,0,0,0
1,1,NPU,5,Q4D_NIF,0,100000,OPTICAL,,,,,,0,0,0,0,0,0,0,0,0,0
1,1,NPU,5,Q4D_NIF,1,100000,COPPER,,,,,,0,0,0,0,0,0,0,0,0,0
1,1,NPU,5,Q4D_NIF,1,100000,OPTICAL,,,,,,0,0,0,0,0,0,0,0,0,0
1,1,NPU,5,Q4D_NIF,2,100000,COPPER,,,,,,0,0,0,0,0,0,0,0,0,0
1,1,NPU,5,Q4D_NIF,2,100000,OPTICAL,,,,,,0,0,0,0,0,0,0,0,0,0
1,1,NPU,5,Q4D_NIF,3,100000,COPPER,,,,,,0,0,0,0,0,0,0,0,0,0
1,1,NPU,5,Q4D_NIF,3,100000,OPTICAL,,,,,,0,0,0,0,0,0,0,0,0,0
1,1,NPU,5,Q4D_NIF,4,100000,COPPER,,,,,,0,0,0,0,0,0,0,0,0,0
1,1,NPU,5,Q4D_NIF,4,100000,OPTICAL,,,,,,0,0,0,0,0,0,0,0,0,0
1,1,NPU,5,Q4D_NIF,5,100000,COPPER,,,,,,0,0,0,0,0,0,0,0,0,0
1,1,NPU,5,Q4D_NIF,5,100000,OPTICAL,,,,,,0,0,0,0,0,0,0,0,0,0
1,1,NPU,5,Q4D_NIF,6,100000,COPPER,,,,,,0,0,0,0,0,0,0,0,0,0
1,1,NPU,5,Q4D_NIF,6,100000,OPTICAL,,,,,,0,0,0,0,0,0,0,0,0,0
1,1,NPU,5,Q4D_NIF,7,100000,COPPER,,,,,,0,0,0,0,0,0,0,0,0,0
1,1,NPU,5,Q4D_NIF,7,100000,OPTICAL,,,,,,0,0,0,0,0,0,0,0,0,0
1,1,NPU,6,Q4D_NIF,0,100000,COPPER,,,,,,0,0,0,0,0,0,0,0,0,0
1,1,NPU,6,Q4D_NIF,0,100000,OPTICAL,,,,,,0,0,0,0,0,0,0,0,0,0
1,1,NPU,6,Q4D_NIF,1,100000,COPPER,,,,,,0,0,0,0,0,0,0,0,0,0
1,1,NPU,6,Q4D_NIF,1,100000,OPTICAL,,,,,,0,0,0,0,0,0,0,0,0,0
1,1,NPU,6,Q4D_NIF,2,100000,COPPER,,,,,,0,0,0,0,0,0,0,0,0,0
1,1,NPU,6,Q4D_NIF,2,100000,OPTICAL,,,,,,0,0,0,0,0,0,0,0,0,0
1,1,NPU,6,Q4D_NIF,3,100000,COPPER,,,,,,0,0,0,0,0,0,0,0,0,0
1,1,NPU,6,Q4D_NIF,3,100000,OPTICAL,,,,,,0,0,0,0,0,0,0,0,0,0
1,1,NPU,6,Q4D_NIF,4,100000,COPPER,,,,,,0,0,0,0,0,0,0,0,0,0
1,1,NPU,6,Q4D_NIF,4,100000,OPTICAL,,,,,,0,0,0,0,0,0,0,0,0,0
1,1,NPU,6,Q4D_NIF,5,100000,COPPER,,,,,,0,0,0,0,0,0,0,0,0,0
1,1,NPU,6,Q4D_NIF,5,100000,OPTICAL,,,,,,0,0,0,0,0,0,0,0,0,0
1,1,NPU,6,Q4D_NIF,6,100000,COPPER,,,,,,0,0,0,0,0,0,0,0,0,0
1,1,NPU,6,Q4D_NIF,6,100000,OPTICAL,,,,,,0,0,0,0,0,0,0,0,0,0
1,1,NPU,6,Q4D_NIF,7,100000,COPPER,,,,,,0,0,0,0,0,0,0,0,0,0
1,1,NPU,6,Q4D_NIF,7,100000,OPTICAL,,,,,,0,0,0,0,0,0,0,0,0,0
1,1,NPU,7,Q4D_NIF,0,100000,COPPER,,,,,,0,0,0,0,0,0,0,0,0,0
1,1,NPU,7,Q4D_NIF,0,100000,OPTICAL,,,,,,0,0,0,0,0,0,0,0,0,0
1,1,NPU,7,Q4D_NIF,1,100000,COPPER,,,,,,0,0,0,0,0,0,0,0,0,0
1,1,NPU,7,Q4D_NIF,1,100000,OPTICAL,,,,,,0,0,0,0,0,0,0,0,0,0
1,1,NPU,7,Q4D_NIF,2,100000,COPPER,,,,,,0,0,0,0,0,0,0,0,0,0
1,1,NPU,7,Q4D_NIF,2,100000,OPTICAL,,,,,,0,0,0,0,0,0,0,0,0,0
1,1,NPU,7,Q4D_NIF,3,100000,COPPER,,,,,,0,0,0,0,0,0,0,0,0,0
1,1,NPU,7,Q4D_NIF,3,100000,OPTICAL,,,,,,0,0,0,0,0,0,0,0,0,0
1,1,NPU,7,Q4D_NIF,4,100000,COPPER,,,,,,0,0,0,0,0,0,0,0,0,0
1,1,NPU,7,Q4D_NIF,4,100000,OPTICAL,,,,,,0,0,0,0,0,0,0,0,0,0
1,1,NPU,7,Q4D_NIF,5,100000,COPPER,,,,,,0,0,0,0,0,0,0,0,0,0
1,1,NPU,7,Q4D_NIF,5,100000,OPTICAL,,,,,,0,0,0,0,0,0,0,0,0,0
1,1,NPU,7,Q4D_NIF,6,100000,COPPER,,,,,,0,0,0,0,0,0,0,0,0,0
1,1,NPU,7,Q4D_NIF,6,100000,OPTICAL,,,,,,0,0,0,0,0,0,0,0,0,0
1,1,NPU,7,Q4D_NIF,7,100000,COPPER,,,,,,0,0,0,0,0,0,0,0,0,0
1,1,NPU,7,Q4D_NIF,7,100000,OPTICAL,,,,,,0,0,0,0,0,0,0,0,0,0
1,1,NPU,8,Q4D_NIF,0,100000,COPPER,,,,,,0,0,0,0,0,0,0,0,0,0
1,1,NPU,8,Q4D_NIF,0,100000,OPTICAL,,,,,,0,0,0,0,0,0,0,0,0,0
1,1,NPU,8,Q4D_NIF,1,100000,COPPER,,,,,,0,0,0,0,0,0,0,0,0,0
1,1,NPU,8,Q4D_NIF,1,100000,OPTICAL,,,,,,0,0,0,0,0,0,0,0,0,0
1,1,NPU,8,Q4D_NIF,2,100000,COPPER,,,,,,0,0,0,0,0,0,0,0,0,0
1,1,NPU,8,Q4D_NIF,2,100000,OPTICAL,,,,,,0,0,0,0,0,0,0,0,0,0
1,1,NPU,8,Q4D_NIF,3,100000,COPPER,,,,,,0,0,0,0,0,0,0,0,0,0
1,1,NPU,8,Q4D_NIF,3,100000,OPTICAL,,,,,,0,0,0,0,0,0,0,0,0,0
1,1,NPU,8,Q4D_NIF,4,100000,COPPER,,,,,,0,0,0,0,0,0,0,0,0,0
1,1,NPU,8,Q4D_NIF,4,100000,OPTICAL,,,,,,0,0,0,0,0,0,0,0,0,0
1,1,NPU,8,Q4D_NIF,5,100000,COPPER,,,,,,0,0,0,0,0,0,0,0,0,0
1,1,NPU,8,Q4D_NIF,5,100000,OPTICAL,,,,,,0,0,0,0,0,0,0,0,0,0
1,1,NPU,8,Q4D_NIF,6,100000,COPPER,,,,,,0,0,0,0,0,0,0,0,0,0
1,1,NPU,8,Q4D_NIF,6,100000,OPTICAL,,,,,,0,0,0,0,0,0,0,0,0,0
1,1,NPU,8,Q4D_NIF,7,100000,COPPER,,,,,,0,0,0,0,0,0,0,0,0,0
1,1,NPU,8,Q4D_NIF,7,100000,OPTICAL,,,,,,0,0,0,0,0,0,0,0,0,0
1,1,NPU,9,Q4D_NIF,0,100000,COPPER,,,,,,0,0,0,0,0,0,0,0,0,0
1,1,NPU,9,Q4D_NIF,0,100000,OPTICAL,,,,,,0,0,0,0,0,0,0,0,0,0
1,1,NPU,9,Q4D_NIF,1,100000,COPPER,,,,,,0,0,0,0,0,0,0,0,0,0
1,1,NPU,9,Q4D_NIF,1,100000,OPTICAL,,,,,,0,0,0,0,0,0,0,0,0,0
1,1,NPU,9,Q4D_NIF,2,100000,COPPER,,,,,,0,0,0,0,0,0,0,0,0,0
1,1,NPU,9,Q4D_NIF,2,100000,OPTICAL,,,,,,0,0,0,0,0,0,0,0,0,0
1,1,NPU,9,Q4D_NIF,3,100000,COPPER,,,,,,0,0,0,0,0,0,0,0,0,0
1,1,NPU,9,Q4D_NIF,3,100000,OPTICAL,,,,,,0,0,0,0,0,0,0,0,0,0
1,1,NPU,9,Q4D_NIF,4,100000,COPPER,,,,,,0,0,0,0,0,0,0,0,0,0
1,1,NPU,9,Q4D_NIF,4,100000,OPTICAL,,,,,,0,0,0,0,0,0,0,0,0,0
1,1,NPU,9,Q4D_NIF,5,100000,COPPER,,,,,,0,0,0,0,0,0,0,0,0,0
1,1,NPU,9,Q4D_NIF,5,100000,OPTICAL,,,,,,0,0,0,0,0,0,0,0,0,0
1,1,NPU,9,Q4D_NIF,6,100000,COPPER,,,,,,0,0,0,0,0,0,0,0,0,0
1,1,NPU,9,Q4D_NIF,6,100000,OPTICAL,,,,,,0,0,0,0,0,0,0,0,0,0
1,1,NPU,9,Q4D_NIF,7,100000,COPPER,,,,,,0,0,0,0,0,0,0,0,0,0
1,1,NPU,9,Q4D_NIF,7,100000,OPTICAL,,,,,,0,0,0,0,0,0,0,0,0,0
1,1,NPU,10,Q4D_NIF,0,100000,COPPER,,,,,,0,0,0,0,0,0,0,0,0,0
1,1,NPU,10,Q4D_NIF,0,100000,OPTICAL,,,,,,0,0,0,0,0,0,0,0,0,0
1,1,NPU,10,Q4D_NIF,1,100000,COPPER,,,,,,0,0,0,0,0,0,0,0,0,0
1,1,NPU,10,Q4D_NIF,1,100000,OPTICAL,,,,,,0,0,0,0,0,0,0,0,0,0
1,1,NPU,10,Q4D_NIF,2,100000,COPPER,,,,,,0,0,0,0,0,0,0,0,0,0
1,1,NPU,10,Q4D_NIF,2,100000,OPTICAL,,,,,,0,0,0,0,0,0,0,0,0,0
1,1,NPU,10,Q4D_NIF,3,100000,COPPER,,,,,,0,0,0,0,0,0,0,0,0,0
1,1,NPU,10,Q4D_NIF,3,100000,OPTICAL,,,,,,0,0,0,0,0,0,0,0,0,0
1,1,NPU,10,Q4D_NIF,4,100000,COPPER,,,,,,0,0,0,0,0,0,0,0,0,0
1,1,NPU,10,Q4D_NIF,4,100000,OPTICAL,,,,,,0,0,0,0,0,0,0,0,0,0
1,1,NPU,10,Q4D_NIF,5,100000,COPPER,,,,,,0,0,0,0,0,0,0,0,0,0
1,1,NPU,10,Q4D_NIF,5,100000,OPTICAL,,,,,,0,0,0,0,0,0,0,0,0,0
1,1,NPU,10,Q4D_NIF,6,100000,COPPER,,,,,,0,0,0,0,0,0,0,0,0,0
1,1,NPU,10,Q4D_NIF,6,100000,OPTICAL,,,,,,0,0,0,0,0,0,0,0,0,0
1,1,NPU,10,Q4D_NIF,7,100000,COPPER,,,,,,0,0,0,0,0,0,0,0,0,0
1,1,NPU,10,Q4D_NIF,7,100000,OPTICAL,,,,,,0,0,0,0,0,0,0,0,0,0
1,1,NPU,11,Q4D_NIF,0,100000,COPPER,,,,,,0,0,0,0,0,0,0,0,0,0
1,1,NPU,11,Q4D_NIF,0,100000,OPTICAL,,,,,,0,0,0,0,0,0,0,0,0,0
1,1,NPU,11,Q4D_NIF,1,100000,COPPER,,,,,,0,0,0,0,0,0,0,0,0,0
1,1,NPU,11,Q4D_NIF,1,100000,OPTICAL,,,,,,0,0,0,0,0,0,0,0,0,0
1,1,NPU,11,Q4D_NIF,2,100000,COPPER,,,,,,0,0,0,0,0,0,0,0,0,0
1,1,NPU,11,Q4D_NIF,2,100000,OPTICAL,,,,,,0,0,0,0,0,0,0,0,0,0
1,1,NPU,11,Q4D_NIF,3,100000,COPPER,,,,,,0,0,0,0,0,0,0,0,0,0
1,1,NPU,11,Q4D_NIF,3,100000,OPTICAL,,,,,,0,0,0,0,0,0,0,0,0,0
1,1,NPU,11,Q4D_NIF,4,100000,COPPER,,,,,,0,0,0,0,0,0,0,0,0,0
1,1,NPU,11,Q4D_NIF,4,100000,OPTICAL,,,,,,0,0,0,0,0,0,0,0,0,0
1,1,NPU,11,Q4D_NIF,5,100000,COPPER,,,,,,0,0,0,0,0,0,0,0,0,0
1,1,NPU,11,Q4D_NIF,5,100000,OPTICAL,,,,,,0,0,0,0,0,0,0,0,0,0
1,1,NPU,11,Q4D_NIF,6,100000,COPPER,,,,,,0,0,0,0,0,0,0,0,0,0
1,1,NPU,11,Q4D_NIF,6,100000,OPTICAL,,,,,,0,0,0,0,0,0,0,0,0,0
1,1,NPU,11,Q4D_NIF,7,100000,COPPER,,,,,,0,0,0,0,0,0,0,0,0,0
1,1,NPU,11,Q4D_NIF,7,100000,OPTICAL,,,,,,0,0,0,0,0,0,0,0,0,0
1,1,NPU,12,Q4D_NIF,0,100000,COPPER,,,,,,0,0,0,0,0,0,0,0,0,0
1,1,NPU,12,Q4D_NIF,0,100000,OPTICAL,,,,,,0,0,0,0,0,0,0,0,0,0
1,1,NPU,12,Q4D_NIF,1,100000,COPPER,,,,,,0,0,0,0,0,0,0,0,0,0
1,1,NPU,12,Q4D_NIF,1,100000,OPTICAL,,,,,,0,0,0,0,0,0,0,0,0,0
1,1,NPU,12,Q4D_NIF,2,100000,COPPER,,,,,,0,0,0,0,0,0,0,0,0,0
1,1,NPU,12,Q4D_NIF,2,100000,OPTICAL,,,,,,0,0,0,0,0,0,0,0,0,0
1,1,NPU,12,Q4D_NIF,3,100000,COPPER,,,,,,0,0,0,0,0,0,0,0,0,0
1,1,NPU,12,Q4D_NIF,3,100000,OPTICAL,,,,,,0,0,0,0,0,0,0,0,0,0
1,1,NPU,12,Q4D_NIF,4,100000,COPPER,,,,,,0,0,0,0,0,0,0,0,0,0
1,1,NPU,12,Q4D_NIF,4,100000,OPTICAL,,,,,,0,0,0,0,0,0,0,0,0,0
1,1,NPU,12,Q4D_NIF,5,100000,COPPER,,,,,,0,0,0,0,0,0,0,0,0,0
1,1,NPU,12,Q4D_NIF,5,100000,OPTICAL,,,,,,0,0,0,0,0,0,0,0,0,0
1,1,NPU,12,Q4D_NIF,6,100000,COPPER,,,,,,0,0,0,0,0,0,0,0,0,0
1,1,NPU,12,Q4D_NIF,6,100000,OPTICAL,,,,,,0,0,0,0,0,0,0,0,0,0
1,1,NPU,12,Q4D_NIF,7,100000,COPPER,,,,,,0,0,0,0,0,0,0,0,0,0
1,1,NPU,12,Q4D_NIF,7,100000,OPTICAL,,,,,,0,0,0,0,0,0,0,0,0,0
1,1,NPU,13,Q4D_NIF,0,100000,COPPER,,,,,,0,0,0,0,0,0,0,0,0,0
1,1,NPU,13,Q4D_NIF,0,100000,OPTICAL,,,,,,0,0,0,0,0,0,0,0,0,0
1,1,NPU,13,Q4D_NIF,1,100000,COPPER,,,,,,0,0,0,0,0,0,0,0,0,0
1,1,NPU,13,Q4D_NIF,1,100000,OPTICAL,,,,,,0,0,0,0,0,0,0,0,0,0
1,1,NPU,13,Q4D_NIF,2,100000,COPPER,,,,,,0,0,0,0,0,0,0,0,0,0
1,1,NPU,13,Q4D_NIF,2,100000,OPTICAL,,,,,,0,0,0,0,0,0,0,0,0,0
1,1,NPU,13,Q4D_NIF,3,100000,COPPER,,,,,,0,0,0,0,0,0,0,0,0,0
1,1,NPU,13,Q4D_NIF,3,100000,OPTICAL,,,,,,0,0,0,0,0,0,0,0,0,0
1,1,NPU,13,Q4D_NIF,4,100000,COPPER,,,,,,0,0,0,0,0,0,0,0,0,0
1,1,NPU,13,Q4D_NIF,4,100000,OPTICAL,,,,,,0,0,0,0,0,0,0,0,0,0
1,1,NPU,13,Q4D_NIF,5,100000,COPPER,,,,,,0,0,0,0,0,0,0,0,0,0
1,1,NPU,13,Q4D_NIF,5,100000,OPTICAL,,,,,,0,0,0,0,0,0,0,0,0,0
1,1,NPU,13,Q4D_NIF,6,100000,COPPER,,,,,,0,0,0,0,0,0,0,0,0,0
1,1,NPU,13,Q4D_NIF,6,100000,OPTICAL,,,,,,0,0,0,0,0,0,0,0,0,0
1,1,NPU,13,Q4D_NIF,7,100000,COPPER,,,,,,0,0,0,0,0,0,0,0,0,0
1,1,NPU,13,Q4D_NIF,7,100000,OPTICAL,,,,,,0,0,0,0,0,0,0,0,0,0
1,1,NPU,14,Q4D_NIF,0,100000,COPPER,,,,,,0,0,0,0,0,0,0,0,0,0
1,1,NPU,14,Q4D_NIF,0,100000,OPTICAL,,,,,,0,0,0,0,0,0,0,0,0,0
1,1,NPU,14,Q4D_NIF,1,100000,COPPER,,,,,,0,0,0,0,0,0,0,0,0,0
1,1,NPU,14,Q4D_NIF,1,100000,OPTICAL,,,,,,0,0,0,0,0,0,0,0,0,0
1,1,NPU,14,Q4D_NIF,2,100000,COPPER,,,,,,0,0,0,0,0,0,0,0,0,0
1,1,NPU,14,Q4D_NIF,2,100000,OPTICAL,,,,,,0,0,0,0,0,0,0,0,0,0
1,1,NPU,14,Q4D_NIF,3,100000,COPPER,,,,,,0,0,0,0,0,0,0,0,0,0
1,1,NPU,14,Q4D_NIF,3,100000,OPTICAL,,,,,,0,0,0,0,0,0,0,0,0,0
1,1,NPU,14,Q4D_NIF,4,100000,COPPER,,,,,,0,0,0,0,0,0,0,0,0,0
1,1,NPU,14,Q4D_NIF,4,100000,OPTICAL,,,,,,0,0,0,0,0,0,0,0,0,0
1,1,NPU,14,Q4D_NIF,5,100000,COPPER,,,,,,0,0,0,0,0,0,0,0,0,0
1,1,NPU,14,Q4D_NIF,5,100000,OPTICAL,,,,,,0,0,0,0,0,0,0,0,0,0
1,1,NPU,14,Q4D_NIF,6,100000,COPPER,,,,,,0,0,0,0,0,0,0,0,0,0
1,1,NPU,14,Q4D_NIF,6,100000,OPTICAL,,,,,,0,0,0,0,0,0,0,0,0,0
1,1,NPU,14,Q4D_NIF,7,100000,COPPER,,,,,,0,0,0,0,0,0,0,0,0,0
1,1,NPU,14,Q4D_NIF,7,100000,OPTICAL,,,,,,0,0,0,0,0,0,0,0,0,0
1,1,NPU,15,Q4D_NIF,0,100000,COPPER,,,,,,0,0,0,0,0,0,0,0,0,0
1,1,NPU,15,Q4D_NIF,0,100000,OPTICAL,,,,,,0,0,0,0,0,0,0,0,0,0
1,1,NPU,15,Q4D_NIF,1,100000,COPPER,,,,,,0,0,0,0,0,0,0,0,0,0
1,1,NPU,15,Q4D_NIF,1,100000,OPTICAL,,,,,,0,0,0,0,0,0,0,0,0,0
1,1,NPU,15,Q4D_NIF,2,100000,COPPER,,,,,,0,0,0,0,0,0,0,0,0,0
1,1,NPU,15,Q4D_NIF,2,100000,OPTICAL,,,,,,0,0,0,0,0,0,0,0,0,0
1,1,NPU,15,Q4D_NIF,3,100000,COPPER,,,,,,0,0,0,0,0,0,0,0,0,0
1,1,NPU,15,Q4D_NIF,3,100000,OPTICAL,,,,,,0,0,0,0,0,0,0,0,0,0
1,1,NPU,15,Q4D_NIF,4,100000,COPPER,,,,,,0,0,0,0,0,0,0,0,0,0
1,1,NPU,15,Q4D_NIF,4,100000,OPTICAL,,,,,,0,0,0,0,0,0,0,0,0,0
1,1,NPU,15,Q4D_NIF,5,100000,COPPER,,,,,,0,0,0,0,0,0,0,0,0,0
1,1,NPU,15,Q4D_NIF,5,100000,OPTICAL,,,,,,0,0,0,0,0,0,0,0,0,0
1,1,NPU,15,Q4D_NIF,6,100000,COPPER,,,,,,0,0,0,0,0,0,0,0,0,0
1,1,NPU,15,Q4D_NIF,6,100000,OPTICAL,,,,,,0,0,0,0,0,0,0,0,0,0
1,1,NPU,15,Q4D_NIF,7,100000,COPPER,,,,,,0,0,0,0,0,0,0,0,0,0
1,1,NPU,15,Q4D_NIF,7,100000,OPTICAL,,,,,,0,0,0,0,0,0,0,0,0,0
1,1,NPU,16,Q4D_NIF,0,100000,COPPER,,,,,,0,0,0,0,0,0,0,0,0,0
1,1,NPU,16,Q4D_NIF,0,100000,OPTICAL,,,,,,0,0,0,0,0,0,0,0,0,0
1,1,NPU,16,Q4D_NIF,1,100000,COPPER,,,,,,0,0,0,0,0,0,0,0,0,0
1,1,NPU,16,Q4D_NIF,1,100000,OPTICAL,,,,,,0,0,0,0,0,0,0,0,0,0
1,1,NPU,16,Q4D_NIF,2,100000,COPPER,,,,,,0,0,0,0,0,0,0,0,0,0
1,1,NPU,16,Q4D_NIF,2,100000,OPTICAL,,,,,,0,0,0,0,0,0,0,0,0,0
1,1,NPU,16,Q4D_NIF,3,100000,COPPER,,,,,,0,0,0,0,0,0,0,0,0,0
1,1,NPU,16,Q4D_NIF,3,100000,OPTICAL,,,,,,0,0,0,0,0,0,0,0,0,0
1,1,NPU,16,Q4D_NIF,4,100000,COPPER,,,,,,0,0,0,0,0,0,0,0,0,0
1,1,NPU,16,Q4D_NIF,4,100000,OPTICAL,,,,,,0,0,0,0,0,0,0,0,0,0
1,1,NPU,16,Q4D_NIF,5,100000,COPPER,,,,,,0,0,0,0,0,0,0,0,0,0
1,1,NPU,16,Q4D_NIF,5,100000,OPTICAL,,,,,,0,0,0,0,0,0,0,0,0,0
1,1,NPU,16,Q4D_NIF,6,100000,COPPER,,,,,,0,0,0,0,0,0,0,0,0,0
1,1,NPU,16,Q4D_NIF,6,100000,OPTICAL,,,,,,0,0,0,0,0,0,0,0,0,0
1,1,NPU,16,Q4D_NIF,7,100000,COPPER,,,,,,0,0,0,0,0,0,0,0,0,0
1,1,NPU,16,Q4D_NIF,7,100000,OPTICAL,,,,,,0,0,0,0,0,0,0,0,0,0
1,1,NPU,17,Q4D_NIF,0,100000,COPPER,,,,,,0,0,0,0,0,0,0,0,0,0
1,1,NPU,17,Q4D_NIF,0,100000,OPTICAL,,,,,,0,0,0,0,0,0,0,0,0,0
1,1,NPU,17,Q4D_NIF,1,100000,COPPER,,,,,,0,0,0,0,0,0,0,0,0,0
1,1,NPU,17,Q4D_NIF,1,100000,OPTICAL,,,,,,0,0,0,0,0,0,0,0,0,0
1,1,NPU,17,Q4D_NIF,2,100000,COPPER,,,,,,0,0,0,0,0,0,0,0,0,0
1,1,NPU,17,Q4D_NIF,2,100000,OPTICAL,,,,,,0,0,0,0,0,0,0,0,0,0
1,1,NPU,17,Q4D_NIF,3,100000,COPPER,,,,,,0,0,0,0,0,0,0,0,0,0
1,1,NPU,17,Q4D_NIF,3,100000,OPTICAL,,,,,,0,0,0,0,0,0,0,0,0,0
1,1,NPU,17,Q4D_NIF,4,100000,COPPER,,,,,,0,0,0,0,0,0,0,0,0,0
1,1,NPU,17,Q4D_NIF,4,100000,OPTICAL,,,,,,0,0,0,0,0,0,0,0,0,0
1,1,NPU,17,Q4D_NIF,5,100000,COPPER,,,,,,0,0,0,0,0,0,0,0,0,0
1,1,NPU,17,Q4D_NIF,5,100000,OPTICAL,,,,,,0,0,0,0,0,0,0,0,0,0
1,1,NPU,17,Q4D_NIF,6,100000,COPPER,,,,,,0,0,0,0,0,0,0,0,0,0
1,1,NPU,17,Q4D_NIF,6,100000,OPTICAL,,,,,,0,0,0,0,0,0,0,0,0,0
1,1,NPU,17,Q4D_NIF,7,100000,COPPER,,,,,,0,0,0,0,0,0,0,0,0,0
1,1,NPU,17,Q4D_NIF,7,100000,OPTICAL,,,,,,0,0,0,0,0,0,0,0,0,0
1,1,NPU,18,Q4D_NIF,0,100000,COPPER,,,,,,0,0,0,0,0,0,0,0,0,0
1,1,NPU,18,Q4D_NIF,0,100000,OPTICAL,,,,,,0,0,0,0,0,0,0,0,0,0
1,1,NPU,18,Q4D_NIF,1,100000,COPPER,,,,,,0,0,0,0,0,0,0,0,0,0
1,1,NPU,18,Q4D_NIF,1,100000,OPTICAL,,,,,,0,0,0,0,0,0,0,0,0,0
1,1,NPU,18,Q4D_NIF,2,100000,COPPER,,,,,,0,0,0,0,0,0,0,0,0,0
1,1,NPU,18,Q4D_NIF,2,100000,OPTICAL,,,,,,0,0,0,0,0,0,0,0,0,0
1,1,NPU,18,Q4D_NIF,3,100000,COPPER,,,,,,0,0,0,0,0,0,0,0,0,0
1,1,NPU,18,Q4D_NIF,3,100000,OPTICAL,,,,,,0,0,0,0,0,0,0,0,0,0
1,1,NPU,18,Q4D_NIF,4,100000,COPPER,,,,,,0,0,0,0,0,0,0,0,0,0
1,1,NPU,18,Q4D_NIF,4,100000,OPTICAL,,,,,,0,0,0,0,0,0,0,0,0,0
1,1,NPU,18,Q4D_NIF,5,100000,COPPER,,,,,,0,0,0,0,0,0,0,0,0,0
1,1,NPU,18,Q4D_NIF,5,100000,OPTICAL,,,,,,0,0,0,0,0,0,0,0,0,0
1,1,NPU,18,Q4D_NIF,6,100000,COPPER,,,,,,0,0,0,0,0,0,0,0,0,0
1,1,NPU,18,Q4D_NIF,6,100000,OPTICAL,,,,,,0,0,0,0,0,0,0,0,0,0
1,1,NPU,18,Q4D_NIF,7,100000,COPPER,,,,,,0,0,0,0,0,0,0,0,0,0
1,1,NPU,18,Q4D_NIF,7,100000,OPTICAL,,,,,,0,0,0,0,0,0,0,0,0,0
1,1,NPU,19,Q4D_NIF,0,100000,COPPER,,,,,,0,0,0,0,0,0,0,0,0,0
1,1,NPU,19,Q4D_NIF,0,100000,OPTICAL,,,,,,0,0,0,0,0,0,0,0,0,0
1,1,NPU,19,Q4D_NIF,1,100000,COPPER,,,,,,0,0,0,0,0,0,0,0,0,0
1,1,NPU,19,Q4D_NIF,1,100000,OPTICAL,,,,,,0,0,0,0,0,0,0,0,0,0
1,1,NPU,19,Q4D_NIF,2,100000,COPPER,,,,,,0,0,0,0,0,0,0,0,0,0
1,1,NPU,19,Q4D_NIF,2,100000,OPTICAL,,,,,,0,0,0,0,0,0,0,0,0,0
1,1,NPU,19,Q4D_NIF,3,100000,COPPER,,,,,,0,0,0,0,0,0,0,0,0,0
1,1,NPU,19,Q4D_NIF,3,100000,OPTICAL,,,,,,0,0,0,0,0,0,0,0,0,0
1,1,NPU,19,Q4D_NIF,4,100000,COPPER,,,,,,0,0,0,0,0,0,0,0,0,0
1,1,NPU,19,Q4D_NIF,4,100000,OPTICAL,,,,,,0,0,0,0,0,0,0,0,0,0
1,1,NPU,19,Q4D_NIF,5,100000,COPPER,,,,,,0,0,0,0,0,0,0,0,0,0
1,1,NPU,19,Q4D_NIF,5,100000,OPTICAL,,,,,,0,0,0,0,0,0,0,0,0,0
1,1,NPU,19,Q4D_NIF,6,100000,COPPER,,,,,,0,0,0,0,0,0,0,0,0,0
1,1,NPU,19,Q4D_NIF,6,100000,OPTICAL,,,,,,0,0,0,0,0,0,0,0,0,0
1,1,NPU,19,Q4D_NIF,7,100000,COPPER,,,,,,0,0,0,0,0,0,0,0,0,0
1,1,NPU,19,Q4D_NIF,7,100000,OPTICAL,,,,,,0,0,0,0,0,0,0,0,0,0
1,1,NPU,20,Q4D_NIF,0,100000,COPPER,,,,,,0,0,0,0,0,0,0,0,0,0
1,1,NPU,20,Q4D_NIF,0,100000,OPTICAL,,,,,,0,0,0,0,0,0,0,0,0,0
1,1,NPU,20,Q4D_NIF,1,100000,COPPER,,,,,,0,0,0,0,0,0,0,0,0,0
1,1,NPU,20,Q4D_NIF,1,100000,OPTICAL,,,,,,0,0,0,0,0,0,0,0,0,0
1,1,NPU,20,Q4D_NIF,2,100000,COPPER,,,,,,0,0,0,0,0,0,0,0,0,0
1,1,NPU,20,Q4D_NIF,2,100000,OPTICAL,,,,,,0,0,0,0,0,0,0,0,0,0
1,1,NPU,20,Q4D_NIF,3,100000,COPPER,,,,,,0,0,0,0,0,0,0,0,0,0
1,1,NPU,20,Q4D_NIF,3,100000,OPTICAL,,,,,,0,0,0,0,0,0,0,0,0,0
1,1,NPU,20,Q4D_NIF,4,100000,COPPER,,,,,,0,0,0,0,0,0,0,0,0,0
1,1,NPU,20,Q4D_NIF,4,100000,OPTICAL,,,,,,0,0,0,0,0,0,0,0,0,0
1,1,NPU,20,Q4D_NIF,5,100000,COPPER,,,,,,0,0,0,0,0,0,0,0,0,0
1,1,NPU,20,Q4D_NIF,5,100000,OPTICAL,,,,,,0,0,0,0,0,0,0,0,0,0
1,1,NPU,20,Q4D_NIF,6,100000,COPPER,,,,,,0,0,0,0,0,0,0,0,0,0
1,1,NPU,20,Q4D_NIF,6,100000,OPTICAL,,,,,,0,0,0,0,0,0,0,0,0,0
1,1,NPU,20,Q4D_NIF,7,100000,COPPER,,,,,,0,0,0,0,0,0,0,0,0,0
1,1,NPU,20,Q4D_NIF,7,100000,OPTICAL,,,,,,0,0,0,0,0,0,0,0,0,0
1,1,NPU,21,Q4D_NIF,0,100000,COPPER,,,,,,0,0,0,0,0,0,0,0,0,0
1,1,NPU,21,Q4D_NIF,0,100000,OPTICAL,,,,,,0,0,0,0,0,0,0,0,0,0
1,1,NPU,21,Q4D_NIF,1,100000,COPPER,,,,,,0,0,0,0,0,0,0,0,0,0
1,1,NPU,21,Q4D_NIF,1,100000,OPTICAL,,,,,,0,0,0,0,0,0,0,0,0,0
1,1,NPU,21,Q4D_NIF,2,100000,COPPER,,,,,,0,0,0,0,0,0,0,0,0,0
1,1,NPU,21,Q4D_NIF,2,100000,OPTICAL,,,,,,0,0,0,0,0,0,0,0,0,0
1,1,NPU,21,Q4D_NIF,3,100000,COPPER,,,,,,0,0,0,0,0,0,0,0,0,0
1,1,NPU,21,Q4D_NIF,3,100000,OPTICAL,,,,,,0,0,0,0,0,0,0,0,0,0
1,1,NPU,21,Q4D_NIF,4,100000,COPPER,,,,,,0,0,0,0,0,0,0,0,0,0
1,1,NPU,21,Q4D_NIF,4,100000,OPTICAL,,,,,,0,0,0,0,0,0,0,0,0,0
1,1,NPU,21,Q4D_NIF,5,100000,COPPER,,,,,,0,0,0,0,0,0,0,0,0,0
1,1,NPU,21,Q4D_NIF,5,100000,OPTICAL,,,,,,0,0,0,0,0,0,0,0,0,0
1,1,NPU,21,Q4D_NIF,6,100000,COPPER,,,,,,0,0,0,0,0,0,0,0,0,0
1,1,NPU,21,Q4D_NIF,6,100000,OPTICAL,,,,,,0,0,0,0,0,0,0,0,0,0
1,1,NPU,21,Q4D_NIF,7,100000,COPPER,,,,,,0,0,0,0,0,0,0,0,0,0
1,1,NPU,21,Q4D_NIF,7,100000,OPTICAL,,,,,,0,0,0,0,0,0,0,0,0,0
1,1,NPU,22,Q4D_NIF,0,100000,COPPER,,,,,,0,0,0,0,0,0,0,0,0,0
1,1,NPU,22,Q4D_NIF,0,100000,OPTICAL,,,,,,0,0,0,0,0,0,0,0,0,0
1,1,NPU,22,Q4D_NIF,1,100000,COPPER,,,,,,0,0,0,0,0,0,0,0,0,0
1,1,NPU,22,Q4D_NIF,1,100000,OPTICAL,,,,,,0,0,0,0,0,0,0,0,0,0
1,1,NPU,22,Q4D_NIF,2,100000,COPPER,,,,,,0,0,0,0,0,0,0,0,0,0
1,1,NPU,22,Q4D_NIF,2,100000,OPTICAL,,,,,,0,0,0,0,0,0,0,0,0,0
1,1,NPU,22,Q4D_NIF,3,100000,COPPER,,,,,,0,0,0,0,0,0,0,0,0,0
1,1,NPU,22,Q4D_NIF,3,100000,OPTICAL,,,,,,0,0,0,0,0,0,0,0,0,0
1,1,NPU,22,Q4D_NIF,4,100000,COPPER,,,,,,0,0,0,0,0,0,0,0,0,0
1,1,NPU,22,Q4D_NIF,4,100000,OPTICAL,,,,,,0,0,0,0,0,0,0,0,0,0
1,1,NPU,22,Q4D_NIF,5,100000,COPPER,,,,,,0,0,0,0,0,0,0,0,0,0
1,1,NPU,22,Q4D_NIF,5,100000,OPTICAL,,,,,,0,0,0,0,0,0,0,0,0,0
1,1,NPU,22,Q4D_NIF,6,100000,COPPER,,,,,,0,0,0,0,0,0,0,0,0,0
1,1,NPU,22,Q4D_NIF,6,100000,OPTICAL,,,,,,0,0,0,0,0,0,0,0,0,0
1,1,NPU,22,Q4D_NIF,7,100000,COPPER,,,,,,0,0,0,0,0,0,0,0,0,0
1,1,NPU,22,Q4D_NIF,7,100000,OPTICAL,,,,,,0,0,0,0,0,0,0,0,0,0
1,1,NPU,23,Q4D_NIF,0,100000,COPPER,,,,,,0,0,0,0,0,0,0,0,0,0
1,1,NPU,23,Q4D_NIF,0,100000,OPTICAL,,,,,,0,0,0,0,0,0,0,0,0,0
1,1,NPU,23,Q4D_NIF,1,100000,COPPER,,,,,,0,0,0,0,0,0,0,0,0,0
1,1,NPU,23,Q4D_NIF,1,100000,OPTICAL,,,,,,0,0,0,0,0,0,0,0,0,0
1,1,NPU,23,Q4D_NIF,2,100000,COPPER,,,,,,0,0,0,0,0,0,0,0,0,0
1,1,NPU,23,Q4D_NIF,2,100000,OPTICAL,,,,,,0,0,0,0,0,0,0,0,0,0
1,1,NPU,23,Q4D_NIF,3,100000,COPPER,,,,,,0,0,0,0,0,0,0,0,0,0
1,1,NPU,23,Q4D_NIF,3,100000,OPTICAL,,,,,,0,0,0,0,0,0,0,0,0,0
1,1,NPU,23,Q4D_NIF,4,100000,COPPER,,,,,,0,0,0,0,0,0,0,0,0,0
1,1,NPU,23,Q4D_NIF,4,100000,OPTICAL,,,,,,0,0,0,0,0,0,0,0,0,0
1,1,NPU,23,Q4D_NIF,5,100000,COPPER,,,,,,0,0,0,0,0,0,0,0,0,0
1,1,NPU,23,Q4D_NIF,5,100000,OPTICAL,,,,,,0,0,0,0,0,0,0,0,0,0
1,1,NPU,23,Q4D_NIF,6,100000,COPPER,,,,,,0,0,0,0,0,0,0,0,0,0
1,1,NPU,23,Q4D_NIF,6,100000,OPTICAL,,,,,,0,0,0,0,0,0,0,0,0,0
1,1,NPU,23,Q4D_NIF,7,100000,COPPER,,,,,,0,0,0,0,0,0,0,0,0,0
1,1,NPU,23,Q4D_NIF,7,100000,OPTICAL,,,,,,0,0,0,0,0,0,0,0,0,0
1,1,NPU,24,Q4D_NIF,0,100000,COPPER,,,,,,0,0,0,0,0,0,0,0,0,0
1,1,NPU,24,Q4D_NIF,0,100000,OPTICAL,,,,,,0,0,0,0,0,0,0,0,0,0
1,1,NPU,24,Q4D_NIF,1,100000,COPPER,,,,,,0,0,0,0,0,0,0,0,0,0
1,1,NPU,24,Q4D_NIF,1,100000,OPTICAL,,,,,,0,0,0,0,0,0,0,0,0,0
1,1,NPU,24,Q4D_NIF,2,100000,COPPER,,,,,,0,0,0,0,0,0,0,0,0,0
1,1,NPU,24,Q4D_NIF,2,100000,OPTICAL,,,,,,0,0,0,0,0,0,0,0,0,0
1,1,NPU,24,Q4D_NIF,3,100000,COPPER,,,,,,0,0,0,0,0,0,0,0,0,0
1,1,NPU,24,Q4D_NIF,3,100000,OPTICAL,,,,,,0,0,0,0,0,0,0,0,0,0
1,1,NPU,24,Q4D_NIF,4,100000,COPPER,,,,,,0,0,0,0,0,0,0,0,0,0
1,1,NPU,24,Q4D_NIF,4,100000,OPTICAL,,,,,,0,0,0,0,0,0,0,0,0,0
1,1,NPU,24,Q4D_NIF,5,100000,COPPER,,,,,,0,0,0,0,0,0,0,0,0,0
1,1,NPU,24,Q4D_NIF,5,100000,OPTICAL,,,,,,0,0,0,0,0,0,0,0,0,0
1,1,NPU,24,Q4D_NIF,6,100000,COPPER,,,,,,0,0,0,0,0,0,0,0,0,0
1,1,NPU,24,Q4D_NIF,6,100000,OPTICAL,,,,,,0,0,0,0,0,0,0,0,0,0
1,1,NPU,24,Q4D_NIF,7,100000,COPPER,,,,,,0,0,0,0,0,0,0,0,0,0
1,1,NPU,24,Q4D_NIF,7,100000,OPTICAL,,,,,,0,0,0,0,0,0,0,0,0,0
1,1,NPU,25,Q4D_NIF,0,100000,COPPER,,,,,,0,0,0,0,0,0,0,0,0,0
1,1,NPU,25,Q4D_NIF,0,100000,OPTICAL,,,,,,0,0,0,0,0,0,0,0,0,0
1,1,NPU,25,Q4D_NIF,1,100000,COPPER,,,,,,0,0,0,0,0,0,0,0,0,0
1,1,NPU,25,Q4D_NIF,1,100000,OPTICAL,,,,,,0,0,0,0,0,0,0,0,0,0
1,1,NPU,25,Q4D_NIF,2,100000,COPPER,,,,,,0,0,0,0,0,0,0,0,0,0
1,1,NPU,25,Q4D_NIF,2,100000,OPTICAL,,,,,,0,0,0,0,0,0,0,0,0,0
1,1,NPU,25,Q4D_NIF,3,100000,COPPER,,,,,,0,0,0,0,0,0,0,0,0,0
1,1,NPU,25,Q4D_NIF,3,100000,OPTICAL,,,,,,0,0,0,0,0,0,0,0,0,0
1,1,NPU,25,Q4D_NIF,4,100000,COPPER,,,,,,0,0,0,0,0,0,0,0,0,0
1,1,NPU,25,Q4D_NIF,4,100000,OPTICAL,,,,,,0,0,0,0,0,0,0,0,0,0
1,1,NPU,25,Q4D_NIF,5,100000,COPPER,,,,,,0,0,0,0,0,0,0,0,0,0
1,1,NPU,25,Q4D_NIF,5,100000,OPTICAL,,,,,,0,0,0,0,0,0,0,0,0,0
1,1,NPU,25,Q4D_NIF,6,100000,COPPER,,,,,,0,0,0,0,0,0,0,0,0,0
1,1,NPU,25,Q4D_NIF,6,100000,OPTICAL,,,,,,0,0,0,0,0,0,0,0,0,0
1,1,NPU,25,Q4D_NIF,7,100000,COPPER,,,,,,0,0,0,0,0,0,0,0,0,0
1,1,NPU,25,Q4D_NIF,7,100000,OPTICAL,,,,,,0,0,0,0,0,0,0,0,0,0
1,1,NPU,26,Q4D_NIF,0,100000,COPPER,,,,,,0,0,0,0,0,0,0,0,0,0
1,1,NPU,26,Q4D_NIF,0,100000,OPTICAL,,,,,,0,0,0,0,0,0,0,0,0,0
1,1,NPU,26,Q4D_NIF,1,100000,COPPER,,,,,,0,0,0,0,0,0,0,0,0,0
1,1,NPU,26,Q4D_NIF,1,100000,OPTICAL,,,,,,0,0,0,0,0,0,0,0,0,0
1,1,NPU,26,Q4D_NIF,2,100000,COPPER,,,,,,0,0,0,0,0,0,0,0,0,0
1,1,NPU,26,Q4D_NIF,2,100000,OPTICAL,,,,,,0,0,0,0,0,0,0,0,0,0
1,1,NPU,26,Q4D_NIF,3,100000,COPPER,,,,,,0,0,0,0,0,0,0,0,0,0
1,1,NPU,26,Q4D_NIF,3,100000,OPTICAL,,,,,,0,0,0,0,0,0,0,0,0,0
1,1,NPU,26,Q4D_NIF,4,100000,COPPER,,,,,,0,0,0,0,0,0,0,0,0,0
1,1,NPU,26,Q4D_NIF,4,100000,OPTICAL,,,,,,0,0,0,0,0,0,0,0,0,0
1,1,NPU,26,Q4D_NIF,5,100000,COPPER,,,,,,0,0,0,0,0,0,0,0,0,0
1,1,NPU,26,Q4D_NIF,5,100000,OPTICAL,,,,,,0,0,0,0,0,0,0,0,0,0
1,1,NPU,26,Q4D_NIF,6,100000,COPPER,,,,,,0,0,0,0,0,0,0,0,0,0
1,1,NPU,26,Q4D_NIF,6,100000,OPTICAL,,,,,,0,0,0,0,0,0,0,0,0,0
1,1,NPU,26,Q4D_NIF,7,100000,COPPER,,,,,,0,0,0,0,0,0,0,0,0,0
1,1,NPU,26,Q4D_NIF,7,100000,OPTICAL,,,,,,0,0,0,0,0,0,0,0,0,0
1,1,NPU,27,Q4D_NIF,0,100000,COPPER,,,,,,0,0,0,0,0,0,0,0,0,0
1,1,NPU,27,Q4D_NIF,0,100000,OPTICAL,,,,,,0,0,0,0,0,0,0,0,0,0
1,1,NPU,27,Q4D_NIF,1,100000,COPPER,,,,,,0,0,0,0,0,0,0,0,0,0
1,1,NPU,27,Q4D_NIF,1,100000,OPTICAL,,,,,,0,0,0,0,0,0,0,0,0,0
1,1,NPU,27,Q4D_NIF,2,100000,COPPER,,,,,,0,0,0,0,0,0,0,0,0,0
1,1,NPU,27,Q4D_NIF,2,100000,OPTICAL,,,,,,0,0,0,0,0,0,0,0,0,0
1,1,NPU,27,Q4D_NIF,3,100000,COPPER,,,,,,0,0,0,0,0,0,0,0,0,0
1,1,NPU,27,Q4D_NIF,3,100000,OPTICAL,,,,,,0,0,0,0,0,0,0,0,0,0
1,1,NPU,27,Q4D_NIF,4,100000,COPPER,,,,,,0,0,0,0,0,0,0,0,0,0
1,1,NPU,27,Q4D_NIF,4,100000,OPTICAL,,,,,,0,0,0,0,0,0,0,0,0,0
1,1,NPU,27,Q4D_NIF,5,100000,COPPER,,,,,,0,0,0,0,0,0,0,0,0,0
1,1,NPU,27,Q4D_NIF,5,100000,OPTICAL,,,,,,0,0,0,0,0,0,0,0,0,0
1,1,NPU,27,Q4D_NIF,6,100000,COPPER,,,,,,0,0,0,0,0,0,0,0,0,0
1,1,NPU,27,Q4D_NIF,6,100000,OPTICAL,,,,,,0,0,0,0,0,0,0,0,0,0
1,1,NPU,27,Q4D_NIF,7,100000,COPPER,,,,,,0,0,0,0,0,0,0,0,0,0
1,1,NPU,27,Q4D_NIF,7,100000,OPTICAL,,,,,,0,0,0,0,0,0,0,0,0,0
1,1,NPU,28,Q4D_NIF,0,100000,COPPER,,,,,,0,0,0,0,0,0,0,0,0,0
1,1,NPU,28,Q4D_NIF,0,100000,OPTICAL,,,,,,0,0,0,0,0,0,0,0,0,0
1,1,NPU,28,Q4D_NIF,1,100000,COPPER,,,,,,0,0,0,0,0,0,0,0,0,0
1,1,NPU,28,Q4D_NIF,1,100000,OPTICAL,,,,,,0,0,0,0,0,0,0,0,0,0
1,1,NPU,28,Q4D_NIF,2,100000,COPPER,,,,,,0,0,0,0,0,0,0,0,0,0
1,1,NPU,28,Q4D_NIF,2,100000,OPTICAL,,,,,,0,0,0,0,0,0,0,0,0,0
1,1,NPU,28,Q4D_NIF,3,100000,COPPER,,,,,,0,0,0,0,0,0,0,0,0,0
1,1,NPU,28,Q4D_NIF,3,100000,OPTICAL,,,,,,0,0,0,0,0,0,0,0,0,0
1,1,NPU,28,Q4D_NIF,4,100000,COPPER,,,,,,0,0,0,0,0,0,0,0,0,0
1,1,NPU,28,Q4D_NIF,4,100000,OPTICAL,,,,,,0,0,0,0,0,0,0,0,0,0
1,1,NPU,28,Q4D_NIF,5,100000,COPPER,,,,,,0,0,0,0,0,0,0,0,0,0
1,1,NPU,28,Q4D_NIF,5,100000,OPTICAL,,,,,,0,0,0,0,0,0,0,0,0,0
1,1,NPU,28,Q4D_NIF,6,100000,COPPER,,,,,,0,0,0,0,0,0,0,0,0,0
1,1,NPU,28,Q4D_NIF,6,100000,OPTICAL,,,,,,0,0,0,0,0,0,0,0,0,0
1,1,NPU,28,Q4D_NIF,7,100000,COPPER,,,,,,0,0,0,0,0,0,0,0,0,0
1,1,NPU,28,Q4D_NIF,7,100000,OPTICAL,,,,,,0,0,0,0,0,0,0,0,0,0
1,1,NPU,29,Q4D_NIF,0,100000,COPPER,,,,,,0,0,0,0,0,0,0,0,0,0
1,1,NPU,29,Q4D_NIF,0,100000,OPTICAL,,,,,,0,0,0,0,0,0,0,0,0,0
1,1,NPU,29,Q4D_NIF,1,100000,COPPER,,,,,,0,0,0,0,0,0,0,0,0,0
1,1,NPU,29,Q4D_NIF,1,100000,OPTICAL,,,,,,0,0,0,0,0,0,0,0,0,0
1,1,NPU,29,Q4D_NIF,2,100000,COPPER,,,,,,0,0,0,0,0,0,0,0,0,0
1,1,NPU,29,Q4D_NIF,2,100000,OPTICAL,,,,,,0,0,0,0,0,0,0,0,0,0
1,1,NPU,29,Q4D_NIF,3,100000,COPPER,,,,,,0,0,0,0,0,0,0,0,0,0
1,1,NPU,29,Q4D_NIF,3,100000,OPTICAL,,,,,,0,0,0,0,0,0,0,0,0,0
1,1,NPU,29,Q4D_NIF,4,100000,COPPER,,,,,,0,0,0,0,0,0,0,0,0,0
1,1,NPU,29,Q4D_NIF,4,100000,OPTICAL,,,,,,0,0,0,0,0,0,0,0,0,0
1,1,NPU,29,Q4D_NIF,5,100000,COPPER,,,,,,0,0,0,0,0,0,0,0,0,0
1,1,NPU,29,Q4D_NIF,5,100000,OPTICAL,,,,,,0,0,0,0,0,0,0,0,0,0
1,1,NPU,29,Q4D_NIF,6,100000,COPPER,,,,,,0,0,0,0,0,0,0,0,0,0
1,1,NPU,29,Q4D_NIF,6,100000,OPTICAL,,,,,,0,0,0,0,0,0,0,0,0,0
1,1,NPU,29,Q4D_NIF,7,100000,COPPER,,,,,,0,0,0,0,0,0,0,0,0,0
1,1,NPU,29,Q4D_NIF,7,100000,OPTICAL,,,,,,0,0,0,0,0,0,0,0,0,0
1,1,NPU,30,Q4D_NIF,0,100000,COPPER,,,,,,0,0,0,0,0,0,0,0,0,0
1,1,NPU,30,Q4D_NIF,0,100000,OPTICAL,,,,,,0,0,0,0,0,0,0,0,0,0
1,1,NPU,30,Q4D_NIF,1,100000,COPPER,,,,,,0,0,0,0,0,0,0,0,0,0
1,1,NPU,30,Q4D_NIF,1,100000,OPTICAL,,,,,,0,0,0,0,0,0,0,0,0,0
1,1,NPU,30,Q4D_NIF,2,100000,COPPER,,,,,,0,0,0,0,0,0,0,0,0,0
1,1,NPU,30,Q4D_NIF,2,100000,OPTICAL,,,,,,0,0,0,0,0,0,0,0,0,0
1,1,NPU,30,Q4D_NIF,3,100000,COPPER,,,,,,0,0,0,0,0,0,0,0,0,0
1,1,NPU,30,Q4D_NIF,3,100000,OPTICAL,,,,,,0,0,0,0,0,0,0,0,0,0
1,1,NPU,30,Q4D_NIF,4,100000,COPPER,,,,,,0,0,0,0,0,0,0,0,0,0
1,1,NPU,30,Q4D_NIF,4,100000,OPTICAL,,,,,,0,0,0,0,0,0,0,0,0,0
1,1,NPU,30,Q4D_NIF,5,100000,COPPER,,,,,,0,0,0,0,0,0,0,0,0,0
1,1,NPU,30,Q4D_NIF,5,100000,OPTICAL,,,,,,0,0,0,0,0,0,0,0,0,0
1,1,NPU,30,Q4D_NIF,6,100000,COPPER,,,,,,0,0,0,0,0,0,0,0,0,0
1,1,NPU,30,Q4D_NIF,6,100000,OPTICAL,,,,,,0,0,0,0,0,0,0,0,0,0
1,1,NPU,30,Q4D_NIF,7,100000,COPPER,,,,,,0,0,0,0,0,0,0,0,0,0
1,1,NPU,30,Q4D_NIF,7,100000,OPTICAL,,,,,,0,0,0,0,0,0,0,0,0,0
1,1,NPU,31,Q4D_NIF,0,100000,COPPER,,,,,,0,0,0,0,0,0,0,0,0,0
1,1,NPU,31,Q4D_NIF,0,100000,OPTICAL,,,,,,0,0,0,0,0,0,0,0,0,0
1,1,NPU,31,Q4D_NIF,1,100000,COPPER,,,,,,0,0,0,0,0,0,0,0,0,0
1,1,NPU,31,Q4D_NIF,1,100000,OPTICAL,,,,,,0,0,0,0,0,0,0,0,0,0
1,1,NPU,31,Q4D_NIF,2,100000,COPPER,,,,,,0,0,0,0,0,0,0,0,0,0
1,1,NPU,31,Q4D_NIF,2,100000,OPTICAL,,,,,,0,0,0,0,0,0,0,0,0,0
1,1,NPU,31,Q4D_NIF,3,100000,COPPER,,,,,,0,0,0,0,0,0,0,0,0,0
1,1,NPU,31,Q4D_NIF,3,100000,OPTICAL,,,,,,0,0,0,0,0,0,0,0,0,0
1,1,NPU,31,Q4D_NIF,4,100000,COPPER,,,,,,0,0,0,0,0,0,0,0,0,0
1,1,NPU,31,Q4D_NIF,4,100000,OPTICAL,,,,,,0,0,0,0,0,0,0,0,0,0
1,1,NPU,31,Q4D_NIF,5,100000,COPPER,,,,,,0,0,0,0,0,0,0,0,0,0
1,1,NPU,31,Q4D_NIF,5,100000,OPTICAL,,,,,,0,0,0,0,0,0,0,0,0,0
1,1,NPU,31,Q4D_NIF,6,100000,COPPER,,,,,,0,0,0,0,0,0,0,0,0,0
1,1,NPU,31,Q4D_NIF,6,100000,OPTICAL,,,,,,0,0,0,0,0,0,0,0,0,0
1,1,NPU,31,Q4D_NIF,7,100000,COPPER,,,,,,0,0,0,0,0,0,0,0,0,0
1,1,NPU,31,Q4D_NIF,7,100000,OPTICAL,,,,,,0,0,0,0,0,0,0,0,0,0
1,1,NPU,32,Q4D_NIF,0,100000,COPPER,,,,,,0,0,0,0,0,0,0,0,0,0
1,1,NPU,32,Q4D_NIF,0,100000,OPTICAL,,,,,,0,0,0,0,0,0,0,0,0,0
1,1,NPU,32,Q4D_NIF,1,100000,COPPER,,,,,,0,0,0,0,0,0,0,0,0,0
1,1,NPU,32,Q4D_NIF,1,100000,OPTICAL,,,,,,0,0,0,0,0,0,0,0,0,0
1,1,NPU,32,Q4D_NIF,2,100000,COPPER,,,,,,0,0,0,0,0,0,0,0,0,0
1,1,NPU,32,Q4D_NIF,2,100000,OPTICAL,,,,,,0,0,0,0,0,0,0,0,0,0
1,1,NPU,32,Q4D_NIF,3,100000,COPPER,,,,,,0,0,0,0,0,0,0,0,0,0
1,1,NPU,32,Q4D_NIF,3,100000,OPTICAL,,,,,,0,0,0,0,0,0,0,0,0,0
1,1,NPU,32,Q4D_NIF,4,100000,COPPER,,,,,,0,0,0,0,0,0,0,0,0,0
1,1,NPU,32,Q4D_NIF,4,100000,OPTICAL,,,,,,0,0,0,0,0,0,0,0,0,0
1,1,NPU,32,Q4D_NIF,5,100000,COPPER,,,,,,0,0,0,0,0,0,0,0,0,0
1,1,NPU,32,Q4D_NIF,5,100000,OPTICAL,,,,,,0,0,0,0,0,0,0,0,0,0
1,1,NPU,32,Q4D_NIF,6,100000,COPPER,,,,,,0,0,0,0,0,0,0,0,0,0
1,1,NPU,32,Q4D_NIF,6,100000,OPTICAL,,,,,,0,0,0,0,0,0,0,0,0,0
1,1,NPU,32,Q4D_NIF,7,100000,COPPER,,,,,,0,0,0,0,0,0,0,0,0,0
1,1,NPU,32,Q4D_NIF,7,100000,OPTICAL,,,,,,0,0,0,0,0,0,0,0,0,0
1,1,NPU,33,Q4D_NIF,0,100000,COPPER,,,,,,0,0,0,0,0,0,0,0,0,0
1,1,NPU,33,Q4D_NIF,0,100000,OPTICAL,,,,,,0,0,0,0,0,0,0,0,0,0
1,1,NPU,33,Q4D_NIF,1,100000,COPPER,,,,,,0,0,0,0,0,0,0,0,0,0
1,1,NPU,33,Q4D_NIF,1,100000,OPTICAL,,,,,,0,0,0,0,0,0,0,0,0,0
1,1,NPU,33,Q4D_NIF,2,100000,COPPER,,,,,,0,0,0,0,0,0,0,0,0,0
1,1,NPU,33,Q4D_NIF,2,100000,OPTICAL,,,,,,0,0,0,0,0,0,0,0,0,0
1,1,NPU,33,Q4D_NIF,3,100000,COPPER,,,,,,0,0,0,0,0,0,0,0,0,0
1,1,NPU,33,Q4D_NIF,3,100000,OPTICAL,,,,,,0,0,0,0,0,0,0,0,0,0
1,1,NPU,33,Q4D_NIF,4,100000,COPPER,,,,,,0,0,0,0,0,0,0,0,0,0
1,1,NPU,33,Q4D_NIF,4,100000,OPTICAL,,,,,,0,0,0,0,0,0,0,0,0,0
1,1,NPU,33,Q4D_NIF,5,100000,COPPER,,,,,,0,0,0,0,0,0,0,0,0,0
1,1,NPU,33,Q4D_NIF,5,100000,OPTICAL,,,,,,0,0,0,0,0,0,0,0,0,0
1,1,NPU,33,Q4D_NIF,6,100000,COPPER,,,,,,0,0,0,0,0,0,0,0,0,0
1,1,NPU,33,Q4D_NIF,6,100000,OPTICAL,,,,,,0,0,0,0,0,0,0,0,0,0
1,1,NPU,33,Q4D_NIF,7,100000,COPPER,,,,,,0,0,0,0,0,0,0,0,0,0
1,1,NPU,33,Q4D_NIF,7,100000,OPTICAL,,,,,,0,0,0,0,0,0,0,0,0,0
1,1,NPU,34,Q4D_NIF,0,100000,COPPER,,,,,,0,0,0,0,0,0,0,0,0,0
1,1,NPU,34,Q4D_NIF,0,100000,OPTICAL,,,,,,0,0,0,0,0,0,0,0,0,0
1,1,NPU,34,Q4D_NIF,1,100000,COPPER,,,,,,0,0,0,0,0,0,0,0,0,0
1,1,NPU,34,Q4D_NIF,1,100000,OPTICAL,,,,,,0,0,0,0,0,0,0,0,0,0
1,1,NPU,34,Q4D_NIF,2,100000,COPPER,,,,,,0,0,0,0,0,0,0,0,0,0
1,1,NPU,34,Q4D_NIF,2,100000,OPTICAL,,,,,,0,0,0,0,0,0,0,0,0,0
1,1,NPU,34,Q4D_NIF,3,100000,COPPER,,,,,,0,0,0,0,0,0,0,0,0,0
1,1,NPU,34,Q4D_NIF,3,100000,OPTICAL,,,,,,0,0,0,0,0,0,0,0,0,0
1,1,NPU,34,Q4D_NIF,4,100000,COPPER,,,,,,0,0,0,0,0,0,0,0,0,0
1,1,NPU,34,Q4D_NIF,4,100000,OPTICAL,,,,,,0,0,0,0,0,0,0,0,0,0
1,1,NPU,34,Q4D_NIF,5,100000,COPPER,,,,,,0,0,0,0,0,0,0,0,0,0
1,1,NPU,34,Q4D_NIF,5,100000,OPTICAL,,,,,,0,0,0,0,0,0,0,0,0,0
1,1,NPU,34,Q4D_NIF,6,100000,COPPER,,,,,,0,0,0,0,0,0,0,0,0,0
1,1,NPU,34,Q4D_NIF,6,100000,OPTICAL,,,,,,0,0,0,0,0,0,0,0,0,0
1,1,NPU,34,Q4D_NIF,7,100000,COPPER,,,,,,0,0,0,0,0,0,0,0,0,0
1,1,NPU,34,Q4D_NIF,7,100000,OPTICAL,,,,,,0,0,0,0,0,0,0,0,0,0
1,1,NPU,35,Q4D_NIF,0,100000,COPPER,,,,,,0,0,0,0,0,0,0,0,0,0
1,1,NPU,35,Q4D_NIF,0,100000,OPTICAL,,,,,,0,0,0,0,0,0,0,0,0,0
1,1,NPU,35,Q4D_NIF,1,100000,COPPER,,,,,,0,0,0,0,0,0,0,0,0,0
1,1,NPU,35,Q4D_NIF,1,100000,OPTICAL,,,,,,0,0,0,0,0,0,0,0,0,0
1,1,NPU,35,Q4D_NIF,2,100000,COPPER,,,,,,0,0,0,0,0,0,0,0,0,0
1,1,NPU,35,Q4D_NIF,2,100000,OPTICAL,,,,,,0,0,0,0,0,0,0,0,0,0
1,1,NPU,35,Q4D_NIF,3,100000,COPPER,,,,,,0,0,0,0,0,0,0,0,0,0
1,1,NPU,35,Q4D_NIF,3,100000,OPTICAL,,,,,,0,0,0,0,0,0,0,0,0,0
1,1,NPU,35,Q4D_NIF,4,100000,COPPER,,,,,,0,0,0,0,0,0,0,0,0,0
1,1,NPU,35,Q4D_NIF,4,100000,OPTICAL,,,,,,0,0,0,0,0,0,0,0,0,0
1,1,NPU,35,Q4D_NIF,5,100000,COPPER,,,,,,0,0,0,0,0,0,0,0,0,0
1,1,NPU,35,Q4D_NIF,5,100000,OPTICAL,,,,,,0,0,0,0,0,0,0,0,0,0
1,1,NPU,35,Q4D_NIF,6,100000,COPPER,,,,,,0,0,0,0,0,0,0,0,0,0
1,1,NPU,35,Q4D_NIF,6,100000,OPTICAL,,,,,,0,0,0,0,0,0,0,0,0,0
1,1,NPU,35,Q4D_NIF,7,100000,COPPER,,,,,,0,0,0,0,0,0,0,0,0,0
1,1,NPU,35,Q4D_NIF,7,100000,OPTICAL,,,,,,0,0,0,0,0,0,0,0,0,0
1,1,NPU,36,Q4D_NIF,0,100000,COPPER,,,,,,0,0,0,0,0,0,0,0,0,0
1,1,NPU,36,Q4D_NIF,0,100000,OPTICAL,,,,,,0,0,0,0,0,0,0,0,0,0
1,1,NPU,36,Q4D_NIF,1,100000,COPPER,,,,,,0,0,0,0,0,0,0,0,0,0
1,1,NPU,36,Q4D_NIF,1,100000,OPTICAL,,,,,,0,0,0,0,0,0,0,0,0,0
1,1,NPU,36,Q4D_NIF,2,100000,COPPER,,,,,,0,0,0,0,0,0,0,0,0,0
1,1,NPU,36,Q4D_NIF,2,100000,OPTICAL,,,,,,0,0,0,0,0,0,0,0,0,0
1,1,NPU,36,Q4D_NIF,3,100000,COPPER,,,,,,0,0,0,0,0,0,0,0,0,0
1,1,NPU,36,Q4D_NIF,3,100000,OPTICAL,,,,,,0,0,0,0,0,0,0,0,0,0
1,1,NPU,36,Q4D_NIF,4,100000,COPPER,,,,,,0,0,0,0,0,0,0,0,0,0
1,1,NPU,36,Q4D_NIF,4,100000,OPTICAL,,,,,,0,0,0,0,0,0,0,0,0,0
1,1,NPU,36,Q4D_NIF,5,100000,COPPER,,,,,,0,0,0,0,0,0,0,0,0,0
1,1,NPU,36,Q4D_NIF,5,100000,OPTICAL,,,,,,0,0,0,0,0,0,0,0,0,0
1,1,NPU,36,Q4D_NIF,6,100000,COPPER,,,,,,0,0,0,0,0,0,0,0,0,0
1,1,NPU,36,Q4D_NIF,6,100000,OPTICAL,,,,,,0,0,0,0,0,0,0,0,0,0
1,1,NPU,36,Q4D_NIF,7,100000,COPPER,,,,,,0,0,0,0,0,0,0,0,0,0
1,1,NPU,36,Q4D_NIF,7,100000,OPTICAL,,,,,,0,0,0,0,0,0,0,0,0,0
1,1,NPU,37,Q4D_NIF,0,100000,COPPER,,,,,,0,0,0,0,0,0,0,0,0,0
1,1,NPU,37,Q4D_NIF,0,100000,OPTICAL,,,,,,0,0,0,0,0,0,0,0,0,0
1,1,NPU,37,Q4D_NIF,1,100000,COPPER,,,,,,0,0,0,0,0,0,0,0,0,0
1,1,NPU,37,Q4D_NIF,1,100000,OPTICAL,,,,,,0,0,0,0,0,0,0,0,0,0
1,1,NPU,37,Q4D_NIF,2,100000,COPPER,,,,,,0,0,0,0,0,0,0,0,0,0
1,1,NPU,37,Q4D_NIF,2,100000,OPTICAL,,,,,,0,0,0,0,0,0,0,0,0,0
1,1,NPU,37,Q4D_NIF,3,100000,COPPER,,,,,,0,0,0,0,0,0,0,0,0,0
1,1,NPU,37,Q4D_NIF,3,100000,OPTICAL,,,,,,0,0,0,0,0,0,0,0,0,0
1,1,NPU,37,Q4D_NIF,4,100000,COPPER,,,,,,0,0,0,0,0,0,0,0,0,0
1,1,NPU,37,Q4D_NIF,4,100000,OPTICAL,,,,,,0,0,0,0,0,0,0,0,0,0
1,1,NPU,37,Q4D_NIF,5,100000,COPPER,,,,,,0,0,0,0,0,0,0,0,0,0
1,1,NPU,37,Q4D_NIF,5,100000,OPTICAL,,,,,,0,0,0,0,0,0,0,0,0,0
1,1,NPU,37,Q4D_NIF,6,100000,COPPER,,,,,,0,0,0,0,0,0,0,0,0,0
1,1,NPU,37,Q4D_NIF,6,100000,OPTICAL,,,,,,0,0,0,0,0,0,0,0,0,0
1,1,NPU,37,Q4D_NIF,7,100000,COPPER,,,,,,0,0,0,0,0,0,0,0,0,0
1,1,NPU,37,Q4D_NIF,7,100000,OPTICAL,,,,,,0,0,0,0,0,0,0,0,0,0
1,1,NPU,38,Q4D_NIF,0,100000,COPPER,,,,,,0,0,0,0,0,0,0,0,0,0
1,1,NPU,38,Q4D_NIF,0,100000,OPTICAL,,,,,,0,0,0,0,0,0,0,0,0,0
1,1,NPU,38,Q4D_NIF,1,100000,COPPER,,,,,,0,0,0,0,0,0,0,0,0,0
1,1,NPU,38,Q4D_NIF,1,100000,OPTICAL,,,,,,0,0,0,0,0,0,0,0,0,0
1,1,NPU,38,Q4D_NIF,2,100000,COPPER,,,,,,0,0,0,0,0,0,0,0,0,0
1,1,NPU,38,Q4D_NIF,2,100000,OPTICAL,,,,,,0,0,0,0,0,0,0,0,0,0
1,1,NPU,38,Q4D_NIF,3,100000,COPPER,,,,,,0,0,0,0,0,0,0,0,0,0
1,1,NPU,38,Q4D_NIF,3,100000,OPTICAL,,,,,,0,0,0,0,0,0,0,0,0,0
1,1,NPU,38,Q4D_NIF,4,100000,COPPER,,,,,,0,0,0,0,0,0,0,0,0,0
1,1,NPU,38,Q4D_NIF,4,100000,OPTICAL,,,,,,0,0,0,0,0,0,0,0,0,0
1,1,NPU,38,Q4D_NIF,5,100000,COPPER,,,,,,0,0,0,0,0,0,0,0,0,0
1,1,NPU,38,Q4D_NIF,5,100000,OPTICAL,,,,,,0,0,0,0,0,0,0,0,0,0
1,1,NPU,38,Q4D_NIF,6,100000,COPPER,,,,,,0,0,0,0,0,0,0,0,0,0
1,1,NPU,38,Q4D_NIF,6,100000,OPTICAL,,,,,,0,0,0,0,0,0,0,0,0,0
1,1,NPU,38,Q4D_NIF,7,100000,COPPER,,,,,,0,0,0,0,0,0,0,0,0,0
1,1,NPU,38,Q4D_NIF,7,100000,OPTICAL,,,,,,0,0,0,0,0,0,0,0,0,0
1,1,NPU,39,Q4D_NIF,0,100000,COPPER,,,,,,0,0,0,0,0,0,0,0,0,0
1,1,NPU,39,Q4D_NIF,0,100000,OPTICAL,,,,,,0,0,0,0,0,0,0,0,0,0
1,1,NPU,39,Q4D_NIF,1,100000,COPPER,,,,,,0,0,0,0,0,0,0,0,0,0
1,1,NPU,39,Q4D_NIF,1,100000,OPTICAL,,,,,,0,0,0,0,0,0,0,0,0,0
1,1,NPU,39,Q4D_NIF,2,100000,COPPER,,,,,,0,0,0,0,0,0,0,0,0,0
1,1,NPU,39,Q4D_NIF,2,100000,OPTICAL,,,,,,0,0,0,0,0,0,0,0,0,0
1,1,NPU,39,Q4D_NIF,3,100000,COPPER,,,,,,0,0,0,0,0,0,0,0,0,0
1,1,NPU,39,Q4D_NIF,3,100000,OPTICAL,,,,,,0,0,0,0,0,0,0,0,0,0
1,1,NPU,39,Q4D_NIF,4,100000,COPPER,,,,,,0,0,0,0,0,0,0,0,0,0
1,1,NPU,39,Q4D_NIF,4,100000,OPTICAL,,,,,,0,0,0,0,0,0,0,0,0,0
1,1,NPU,39,Q4D_NIF,5,100000,COPPER,,,,,,0,0,0,0,0,0,0,0,0,0
1,1,NPU,39,Q4D_NIF,5,100000,OPTICAL,,,,,,0,0,0,0,0,0,0,0,0,0
1,1,NPU,39,Q4D_NIF,6,100000,COPPER,,,,,,0,0,0,0,0,0,0,0,0,0
1,1,NPU,39,Q4D_NIF,6,100000,OPTICAL,,,,,,0,0,0,0,0,0,0,0,0,0
1,1,NPU,39,Q4D_NIF,7,100000,COPPER,,,,,,0,0,0,0,0,0,0,0,0,0
1,1,NPU,39,Q4D_NIF,7,100000,OPTICAL,,,,,,0,0,0,0,0,0,0,0,0,0
1,1,NPU,40,Q4D_NIF,0,100000,COPPER,,,,,,0,0,0,0,0,0,0,0,0,0
1,1,NPU,40,Q4D_NIF,0,100000,OPTICAL,,,,,,0,0,0,0,0,0,0,0,0,0
1,1,NPU,40,Q4D_NIF,1,100000,COPPER,,,,,,0,0,0,0,0,0,0,0,0,0
1,1,NPU,40,Q4D_NIF,1,100000,OPTICAL,,,,,,0,0,0,0,0,0,0,0,0,0
1,1,NPU,40,Q4D_NIF,2,100000,COPPER,,,,,,0,0,0,0,0,0,0,0,0,0
1,1,NPU,40,Q4D_NIF,2,100000,OPTICAL,,,,,,0,0,0,0,0,0,0,0,0,0
1,1,NPU,40,Q4D_NIF,3,100000,COPPER,,,,,,0,0,0,0,0,0,0,0,0,0
1,1,NPU,40,Q4D_NIF,3,100000,OPTICAL,,,,,,0,0,0,0,0,0,0,0,0,0
1,1,NPU,40,Q4D_NIF,4,100000,COPPER,,,,,,0,0,0,0,0,0,0,0,0,0
1,1,NPU,40,Q4D_NIF,4,100000,OPTICAL,,,,,,0,0,0,0,0,0,0,0,0,0
1,1,NPU,40,Q4D_NIF,5,100000,COPPER,,,,,,0,0,0,0,0,0,0,0,0,0
1,1,NPU,40,Q4D_NIF,5,100000,OPTICAL,,,,,,0,0,0,0,0,0,0,0,0,0
1,1,NPU,40,Q4D_NIF,6,100000,COPPER,,,,,,0,0,0,0,0,0,0,0,0,0
1,1,NPU,40,Q4D_NIF,6,100000,OPTICAL,,,,,,0,0,0,0,0,0,0,0,0,0
1,1,NPU,40,Q4D_NIF,7,100000,COPPER,,,,,,0,0,0,0,0,0,0,0,0,0
1,1,NPU,40,Q4D_NIF,7,100000,OPTICAL,,,,,,0,0,0,0,0,0,0,0,0,0
1,1,NPU,41,Q4D_NIF,0,100000,COPPER,,,,,,0,0,0,0,0,0,0,0,0,0
1,1,NPU,41,Q4D_NIF,0,100000,OPTICAL,,,,,,0,0,0,0,0,0,0,0,0,0
1,1,NPU,41,Q4D_NIF,1,100000,COPPER,,,,,,0,0,0,0,0,0,0,0,0,0
1,1,NPU,41,Q4D_NIF,1,100000,OPTICAL,,,,,,0,0,0,0,0,0,0,0,0,0
1,1,NPU,41,Q4D_NIF,2,100000,COPPER,,,,,,0,0,0,0,0,0,0,0,0,0
1,1,NPU,41,Q4D_NIF,2,100000,OPTICAL,,,,,,0,0,0,0,0,0,0,0,0,0
1,1,NPU,41,Q4D_NIF,3,100000,COPPER,,,,,,0,0,0,0,0,0,0,0,0,0
1,1,NPU,41,Q4D_NIF,3,100000,OPTICAL,,,,,,0,0,0,0,0,0,0,0,0,0
1,1,NPU,41,Q4D_NIF,4,100000,COPPER,,,,,,0,0,0,0,0,0,0,0,0,0
1,1,NPU,41,Q4D_NIF,4,100000,OPTICAL,,,,,,0,0,0,0,0,0,0,0,0,0
1,1,NPU,41,Q4D_NIF,5,100000,COPPER,,,,,,0,0,0,0,0,0,0,0,0,0
1,1,NPU,41,Q4D_NIF,5,100000,OPTICAL,,,,,,0,0,0,0,0,0,0,0,0,0
1,1,NPU,41,Q4D_NIF,6,100000,COPPER,,,,,,0,0,0,0,0,0,0,0,0,0
1,1,NPU,41,Q4D_NIF,6,100000,OPTICAL,,,,,,0,0,0,0,0,0,0,0,0,0
1,1,NPU,41,Q4D_NIF,7,100000,COPPER,,,,,,0,0,0,0,0,0,0,0,0,0
1,1,NPU,41,Q4D_NIF,7,100000,OPTICAL,,,,,,0,0,0,0,0,0,0,0,0,0
1,1,NPU,42,Q4D_NIF,0,100000,COPPER,,,,,,0,0,0,0,0,0,0,0,0,0
1,1,NPU,42,Q4D_NIF,0,100000,OPTICAL,,,,,,0,0,0,0,0,0,0,0,0,0
1,1,NPU,42,Q4D_NIF,1,100000,COPPER,,,,,,0,0,0,0,0,0,0,0,0,0
1,1,NPU,42,Q4D_NIF,1,100000,OPTICAL,,,,,,0,0,0,0,0,0,0,0,0,0
1,1,NPU,42,Q4D_NIF,2,100000,COPPER,,,,,,0,0,0,0,0,0,0,0,0,0
1,1,NPU,42,Q4D_NIF,2,100000,OPTICAL,,,,,,0,0,0,0,0,0,0,0,0,0
1,1,NPU,42,Q4D_NIF,3,100000,COPPER,,,,,,0,0,0,0,0,0,0,0,0,0
1,1,NPU,42,Q4D_NIF,3,100000,OPTICAL,,,,,,0,0,0,0,0,0,0,0,0,0
1,1,NPU,42,Q4D_NIF,4,100000,COPPER,,,,,,0,0,0,0,0,0,0,0,0,0
1,1,NPU,42,Q4D_NIF,4,100000,OPTICAL,,,,,,0,0,0,0,0,0,0,0,0,0
1,1,NPU,42,Q4D_NIF,5,100000,COPPER,,,,,,0,0,0,0,0,0,0,0,0,0
1,1,NPU,42,Q4D_NIF,5,100000,OPTICAL,,,,,,0,0,0,0,0,0,0,0,0,0
1,1,NPU,42,Q4D_NIF,6,100000,COPPER,,,,,,0,0,0,0,0,0,0,0,0,0
1,1,NPU,42,Q4D_NIF,6,100000,OPTICAL,,,,,,0,0,0,0,0,0,0,0,0,0
1,1,NPU,42,Q4D_NIF,7,100000,COPPER,,,,,,0,0,0,0,0,0,0,0,0,0
1,1,NPU,42,Q4D_NIF,7,100000,OPTICAL,,,,,,0,0,0,0,0,0,0,0,0,0
1,1,NPU,43,Q4D_NIF,0,100000,COPPER,,,,,,0,0,0,0,0,0,0,0,0,0
1,1,NPU,43,Q4D_NIF,0,100000,OPTICAL,,,,,,0,0,0,0,0,0,0,0,0,0
1,1,NPU,43,Q4D_NIF,1,100000,COPPER,,,,,,0,0,0,0,0,0,0,0,0,0
1,1,NPU,43,Q4D_NIF,1,100000,OPTICAL,,,,,,0,0,0,0,0,0,0,0,0,0
1,1,NPU,43,Q4D_NIF,2,100000,COPPER,,,,,,0,0,0,0,0,0,0,0,0,0
1,1,NPU,43,Q4D_NIF,2,100000,OPTICAL,,,,,,0,0,0,0,0,0,0,0,0,0
1,1,NPU,43,Q4D_NIF,3,100000,COPPER,,,,,,0,0,0,0,0,0,0,0,0,0
1,1,NPU,43,Q4D_NIF,3,100000,OPTICAL,,,,,,0,0,0,0,0,0,0,0,0,0
1,1,NPU,43,Q4D_NIF,4,100000,COPPER,,,,,,0,0,0,0,0,0,0,0,0,0
1,1,NPU,43,Q4D_NIF,4,100000,OPTICAL,,,,,,0,0,0,0,0,0,0,0,0,0
1,1,NPU,43,Q4D_NIF,5,100000,COPPER,,,,,,0,0,0,0,0,0,0,0,0,0
1,1,NPU,43,Q4D_NIF,5,100000,OPTICAL,,,,,,0,0,0,0,0,0,0,0,0,0
1,1,NPU,43,Q4D_NIF,6,100000,COPPER,,,,,,0,0,0,0,0,0,0,0,0,0
1,1,NPU,43,Q4D_NIF,6,100000,OPTICAL,,,,,,0,0,0,0,0,0,0,0,0,0
1,1,NPU,43,Q4D_NIF,7,100000,COPPER,,,,,,0,0,0,0,0,0,0,0,0,0
1,1,NPU,43,Q4D_NIF,7,100000,OPTICAL,,,,,,0,0,0,0,0,0,0,0,0,0
1,1,NPU,44,Q4D_NIF,0,100000,COPPER,,,,,,0,0,0,0,0,0,0,0,0,0
1,1,NPU,44,Q4D_NIF,0,100000,OPTICAL,,,,,,0,0,0,0,0,0,0,0,0,0
1,1,NPU,44,Q4D_NIF,1,100000,COPPER,,,,,,0,0,0,0,0,0,0,0,0,0
1,1,NPU,44,Q4D_NIF,1,100000,OPTICAL,,,,,,0,0,0,0,0,0,0,0,0,0
1,1,NPU,44,Q4D_NIF,2,100000,COPPER,,,,,,0,0,0,0,0,0,0,0,0,0
1,1,NPU,44,Q4D_NIF,2,100000,OPTICAL,,,,,,0,0,0,0,0,0,0,0,0,0
1,1,NPU,44,Q4D_NIF,3,100000,COPPER,,,,,,0,0,0,0,0,0,0,0,0,0
1,1,NPU,44,Q4D_NIF,3,100000,OPTICAL,,,,,,0,0,0,0,0,0,0,0,0,0
1,1,NPU,44,Q4D_NIF,4,100000,COPPER,,,,,,0,0,0,0,0,0,0,0,0,0
1,1,NPU,44,Q4D_NIF,4,100000,OPTICAL,,,,,,0,0,0,0,0,0,0,0,0,0
1,1,NPU,44,Q4D_NIF,5,100000,COPPER,,,,,,0,0,0,0,0,0,0,0,0,0
1,1,NPU,44,Q4D_NIF,5,100000,OPTICAL,,,,,,0,0,0,0,0,0,0,0,0,0
1,1,NPU,44,Q4D_NIF,6,100000,COPPER,,,,,,0,0,0,0,0,0,0,0,0,0
1,1,NPU,44,Q4D_NIF,6,100000,OPTICAL,,,,,,0,0,0,0,0,0,0,0,0,0
1,1,NPU,44,Q4D_NIF,7,100000,COPPER,,,,,,0,0,0,0,0,0,0,0,0,0
1,1,NPU,44,Q4D_NIF,7,100000,OPTICAL,,,,,,0,0,0,0,0,0,0,0,0,0
1,1,NPU,45,Q4D_NIF,0,100000,COPPER,,,,,,0,0,0,0,0,0,0,0,0,0
1,1,NPU,45,Q4D_NIF,0,100000,OPTICAL,,,,,,0,0,0,0,0,0,0,0,0,0
1,1,NPU,45,Q4D_NIF,1,100000,COPPER,,,,,,0,0,0,0,0,0,0,0,0,0
1,1,NPU,45,Q4D_NIF,1,100000,OPTICAL,,,,,,0,0,0,0,0,0,0,0,0,0
1,1,NPU,45,Q4D_NIF,2,100000,COPPER,,,,,,0,0,0,0,0,0,0,0,0,0
1,1,NPU,45,Q4D_NIF,2,100000,OPTICAL,,,,,,0,0,0,0,0,0,0,0,0,0
1,1,NPU,45,Q4D_NIF,3,100000,COPPER,,,,,,0,0,0,0,0,0,0,0,0,0
1,1,NPU,45,Q4D_NIF,3,100000,OPTICAL,,,,,,0,0,0,0,0,0,0,0,0,0
1,1,NPU,45,Q4D_NIF,4,100000,COPPER,,,,,,0,0,0,0,0,0,0,0,0,0
1,1,NPU,45,Q4D_NIF,4,100000,OPTICAL,,,,,,0,0,0,0,0,0,0,0,0,0
1,1,NPU,45,Q4D_NIF,5,100000,COPPER,,,,,,0,0,0,0,0,0,0,0,0,0
1,1,NPU,45,Q4D_NIF,5,100000,OPTICAL,,,,,,0,0,0,0,0,0,0,0,0,0
1,1,NPU,45,Q4D_NIF,6,100000,COPPER,,,,,,0,0,0,0,0,0,0,0,0,0
1,1,NPU,45,Q4D_NIF,6,100000,OPTICAL,,,,,,0,0,0,0,0,0,0,0,0,0
1,1,NPU,45,Q4D_NIF,7,100000,COPPER,,,,,,0,0,0,0,0,0,0,0,0,0
1,1,NPU,45,Q4D_NIF,7,100000,OPTICAL,,,,,,0,0,0,0,0,0,0,0,0,0
1,1,NPU,46,Q4D_NIF,0,100000,COPPER,,,,,,0,0,0,0,0,0,0,0,0,0
1,1,NPU,46,Q4D_NIF,0,100000,OPTICAL,,,,,,0,0,0,0,0,0,0,0,0,0
1,1,NPU,46,Q4D_NIF,1,100000,COPPER,,,,,,0,0,0,0,0,0,0,0,0,0
1,1,NPU,46,Q4D_NIF,1,100000,OPTICAL,,,,,,0,0,0,0,0,0,0,0,0,0
1,1,NPU,46,Q4D_NIF,2,100000,COPPER,,,,,,0,0,0,0,0,0,0,0,0,0
1,1,NPU,46,Q4D_NIF,2,100000,OPTICAL,,,,,,0,0,0,0,0,0,0,0,0,0
1,1,NPU,46,Q4D_NIF,3,100000,COPPER,,,,,,0,0,0,0,0,0,0,0,0,0
1,1,NPU,46,Q4D_NIF,3,100000,OPTICAL,,,,,,0,0,0,0,0,0,0,0,0,0
1,1,NPU,46,Q4D_NIF,4,100000,COPPER,,,,,,0,0,0,0,0,0,0,0,0,0
1,1,NPU,46,Q4D_NIF,4,100000,OPTICAL,,,,,,0,0,0,0,0,0,0,0,0,0
1,1,NPU,46,Q4D_NIF,5,100000,COPPER,,,,,,0,0,0,0,0,0,0,0,0,0
1,1,NPU,46,Q4D_NIF,5,100000,OPTICAL,,,,,,0,0,0,0,0,0,0,0,0,0
1,1,NPU,46,Q4D_NIF,6,100000,COPPER,,,,,,0,0,0,0,0,0,0,0,0,0
1,1,NPU,46,Q4D_NIF,6,100000,OPTICAL,,,,,,0,0,0,0,0,0,0,0,0,0
1,1,NPU,46,Q4D_NIF,7,100000,COPPER,,,,,,0,0,0,0,0,0,0,0,0,0
1,1,NPU,46,Q4D_NIF,7,100000,OPTICAL,,,,,,0,0,0,0,0,0,0,0,0,0
1,1,NPU,47,Q4D_NIF,0,100000,COPPER,,,,,,0,0,0,0,0,0,0,0,0,0
1,1,NPU,47,Q4D_NIF,0,100000,OPTICAL,,,,,,0,0,0,0,0,0,0,0,0,0
1,1,NPU,47,Q4D_NIF,1,100000,COPPER,,,,,,0,0,0,0,0,0,0,0,0,0
1,1,NPU,47,Q4D_NIF,1,100000,OPTICAL,,,,,,0,0,0,0,0,0,0,0,0,0
1,1,NPU,47,Q4D_NIF,2,100000,COPPER,,,,,,0,0,0,0,0,0,0,0,0,0
1,1,NPU,47,Q4D_NIF,2,100000,OPTICAL,,,,,,0,0,0,0,0,0,0,0,0,0
1,1,NPU,47,Q4D_NIF,3,100000,COPPER,,,,,,0,0,0,0,0,0,0,0,0,0
1,1,NPU,47,Q4D_NIF,3,100000,OPTICAL,,,,,,0,0,0,0,0,0,0,0,0,0
1,1,NPU,47,Q4D_NIF,4,100000,COPPER,,,,,,0,0,0,0,0,0,0,0,0,0
1,1,NPU,47,Q4D_NIF,4,100000,OPTICAL,,,,,,0,0,0,0,0,0,0,0,0,0
1,1,NPU,47,Q4D_NIF,5,100000,COPPER,,,,,,0,0,0,0,0,0,0,0,0,0
1,1,NPU,47,Q4D_NIF,5,100000,OPTICAL,,,,,,0,0,0,0,0,0,0,0,0,0
1,1,NPU,47,Q4D_NIF,6,100000,COPPER,,,,,,0,0,0,0,0,0,0,0,0,0
1,1,NPU,47,Q4D_NIF,6,100000,OPTICAL,,,,,,0,0,0,0,0,0,0,0,0,0
1,1,NPU,47,Q4D_NIF,7,100000,COPPER,,,,,,0,0,0,0,0,0,0,0,0,0
1,1,NPU,47,Q4D_NIF,7,100000,OPTICAL,,,,,,0,0,0,0,0,0,0,0,0,0
1,1,NPU,48,Q4D_NIF,0,100000,COPPER,,,,,,0,0,0,0,0,0,0,0,0,0
1,1,NPU,48,Q4D_NIF,0,100000,OPTICAL,,,,,,0,0,0,0,0,0,0,0,0,0
1,1,NPU,48,Q4D_NIF,1,100000,COPPER,,,,,,0,0,0,0,0,0,0,0,0,0
1,1,NPU,48,Q4D_NIF,1,100000,OPTICAL,,,,,,0,0,0,0,0,0,0,0,0,0
1,1,NPU,48,Q4D_NIF,2,100000,COPPER,,,,,,0,0,0,0,0,0,0,0,0,0
1,1,NPU,48,Q4D_NIF,2,100000,OPTICAL,,,,,,0,0,0,0,0,0,0,0,0,0
1,1,NPU,48,Q4D_NIF,3,100000,COPPER,,,,,,0,0,0,0,0,0,0,0,0,0
1,1,NPU,48,Q4D_NIF,3,100000,OPTICAL,,,,,,0,0,0,0,0,0,0,0,0,0
1,1,NPU,48,Q4D_NIF,4,100000,COPPER,,,,,,0,0,0,0,0,0,0,0,0,0
1,1,NPU,48,Q4D_NIF,4,100000,OPTICAL,,,,,,0,0,0,0,0,0,0,0,0,0
1,1,NPU,48,Q4D_NIF,5,100000,COPPER,,,,,,0,0,0,0,0,0,0,0,0,0
1,1,NPU,48,Q4D_NIF,5,100000,OPTICAL,,,,,,0,0,0,0,0,0,0,0,0,0
1,1,NPU,48,Q4D_NIF,6,100000,COPPER,,,,,,0,0,0,0,0,0,0,0,0,0
1,1,NPU,48,Q4D_NIF,6,100000,OPTICAL,,,,,,0,0,0,0,0,0,0,0,0,0
1,1,NPU,48,Q4D_NIF,7,100000,COPPER,,,,,,0,0,0,0,0,0,0,0,0,0
1,1,NPU,48,Q4D_NIF,7,100000,OPTICAL,,,,,,0,0,0,0,0,0,0,0,0,0
1,1,NPU,49,Q4D_NIF,0,100000,COPPER,,,,,,0,0,0,0,0,0,0,0,0,0
1,1,NPU,49,Q4D_NIF,0,100000,OPTICAL,,,,,,0,0,0,0,0,0,0,0,0,0
1,1,NPU,49,Q4D_NIF,1,100000,COPPER,,,,,,0,0,0,0,0,0,0,0,0,0
1,1,NPU,49,Q4D_NIF,1,100000,OPTICAL,,,,,,0,0,0,0,0,0,0,0,0,0
1,1,NPU,49,Q4D_NIF,2,100000,COPPER,,,,,,0,0,0,0,0,0,0,0,0,0
1,1,NPU,49,Q4D_NIF,2,100000,OPTICAL,,,,,,0,0,0,0,0,0,0,0,0,0
1,1,NPU,49,Q4D_NIF,3,100000,COPPER,,,,,,0,0,0,0,0,0,0,0,0,0
1,1,NPU,49,Q4D_NIF,3,100000,OPTICAL,,,,,,0,0,0,0,0,0,0,0,0,0
1,1,NPU,49,Q4D_NIF,4,100000,COPPER,,,,,,0,0,0,0,0,0,0,0,0,0
1,1,NPU,49,Q4D_NIF,4,100000,OPTICAL,,,,,,0,0,0,0,0,0,0,0,0,0
1,1,NPU,49,Q4D_NIF,5,100000,COPPER,,,,,,0,0,0,0,0,0,0,0,0,0
1,1,NPU,49,Q4D_NIF,5,100000,OPTICAL,,,,,,0,0,0,0,0,0,0,0,0,0
1,1,NPU,49,Q4D_NIF,6,100000,COPPER,,,,,,0,0,0,0,0,0,0,0,0,0
1,1,NPU,49,Q4D_NIF,6,100000,OPTICAL,,,,,,0,0,0,0,0,0,0,0,0,0
1,1,NPU,49,Q4D_NIF,7,100000,COPPER,,,,,,0,0,0,0,0,0,0,0,0,0
1,1,NPU,49,Q4D_NIF,7,100000,OPTICAL,,,,,,0,0,0,0,0,0,0,0,0,0
1,1,NPU,50,Q4D_NIF,0,100000,COPPER,,,,,,0,0,0,0,0,0,0,0,0,0
1,1,NPU,50,Q4D_NIF,0,100000,OPTICAL,,,,,,0,0,0,0,0,0,0,0,0,0
1,1,NPU,50,Q4D_NIF,1,100000,COPPER,,,,,,0,0,0,0,0,0,0,0,0,0
1,1,NPU,50,Q4D_NIF,1,100000,OPTICAL,,,,,,0,0,0,0,0,0,0,0,0,0
1,1,NPU,50,Q4D_NIF,2,100000,COPPER,,,,,,0,0,0,0,0,0,0,0,0,0
1,1,NPU,50,Q4D_NIF,2,100000,OPTICAL,,,,,,0,0,0,0,0,0,0,0,0,0
1,1,NPU,50,Q4D_NIF,3,100000,COPPER,,,,,,0,0,0,0,0,0,0,0,0,0
1,1,NPU,50,Q4D_NIF,3,100000,OPTICAL,,,,,,0,0,0,0,0,0,0,0,0,0
1,1,NPU,50,Q4D_NIF,4,100000,COPPER,,,,,,0,0,0,0,0,0,0,0,0,0
1,1,NPU,50,Q4D_NIF,4,100000,OPTICAL,,,,,,0,0,0,0,0,0,0,0,0,0
1,1,NPU,50,Q4D_NIF,5,100000,COPPER,,,,,,0,0,0,0,0,0,0,0,0,0
1,1,NPU,50,Q4D_NIF,5,100000,OPTICAL,,,,,,0,0,0,0,0,0,0,0,0,0
1,1,NPU,50,Q4D_NIF,6,100000,COPPER,,,,,,0,0,0,0,0,0,0,0,0,0
1,1,NPU,50,Q4D_NIF,6,100000,OPTICAL,,,,,,0,0,0,0,0,0,0,0,0,0
1,1,NPU,50,Q4D_NIF,7,100000,COPPER,,,,,,0,0,0,0,0,0,0,0,0,0
1,1,NPU,50,Q4D_NIF,7,100000,OPTICAL,,,,,,0,0,0,0,0,0,0,0,0,0
1,1,NPU,51,Q4D_NIF,0,100000,COPPER,,,,,,0,0,0,0,0,0,0,0,0,0
1,1,NPU,51,Q4D_NIF,0,100000,OPTICAL,,,,,,0,0,0,0,0,0,0,0,0,0
1,1,NPU,51,Q4D_NIF,1,100000,COPPER,,,,,,0,0,0,0,0,0,0,0,0,0
1,1,NPU,51,Q4D_NIF,1,100000,OPTICAL,,,,,,0,0,0,0,0,0,0,0,0,0
1,1,NPU,51,Q4D_NIF,2,100000,COPPER,,,,,,0,0,0,0,0,0,0,0,0,0
1,1,NPU,51,Q4D_NIF,2,100000,OPTICAL,,,,,,0,0,0,0,0,0,0,0,0,0
1,1,NPU,51,Q4D_NIF,3,100000,COPPER,,,,,,0,0,0,0,0,0,0,0,0,0
1,1,NPU,51,Q4D_NIF,3,100000,OPTICAL,,,,,,0,0,0,0,0,0,0,0,0,0
1,1,NPU,51,Q4D_NIF,4,100000,COPPER,,,,,,0,0,0,0,0,0,0,0,0,0
1,1,NPU,51,Q4D_NIF,4,100000,OPTICAL,,,,,,0,0,0,0,0,0,0,0,0,0
1,1,NPU,51,Q4D_NIF,5,100000,COPPER,,,,,,0,0,0,0,0,0,0,0,0,0
1,1,NPU,51,Q4D_NIF,5,100000,OPTICAL,,,,,,0,0,0,0,0,0,0,0,0,0
1,1,NPU,51,Q4D_NIF,6,100000,COPPER,,,,,,0,0,0,0,0,0,0,0,0,0
1,1,NPU,51,Q4D_NIF,6,100000,OPTICAL,,,,,,0,0,0,0,0,0,0,0,0,0
1,1,NPU,51,Q4D_NIF,7,100000,COPPER,,,,,,0,0,0,0,0,0,0,0,0,0
1,1,NPU,51,Q4D_NIF,7,100000,OPTICAL,,,,,,0,0,0,0,0,0,0,0,0,0
1,1,NPU,52,Q4D_NIF,0,100000,COPPER,,,,,,0,0,0,0,0,0,0,0,0,0
1,1,NPU,52,Q4D_NIF,0,100000,OPTICAL,,,,,,0,0,0,0,0,0,0,0,0,0
1,1,NPU,52,Q4D_NIF,1,100000,COPPER,,,,,,0,0,0,0,0,0,0,0,0,0
1,1,NPU,52,Q4D_NIF,1,100000,OPTICAL,,,,,,0,0,0,0,0,0,0,0,0,0
1,1,NPU,52,Q4D_NIF,2,100000,COPPER,,,,,,0,0,0,0,0,0,0,0,0,0
1,1,NPU,52,Q4D_NIF,2,100000,OPTICAL,,,,,,0,0,0,0,0,0,0,0,0,0
1,1,NPU,52,Q4D_NIF,3,100000,COPPER,,,,,,0,0,0,0,0,0,0,0,0,0
1,1,NPU,52,Q4D_NIF,3,100000,OPTICAL,,,,,,0,0,0,0,0,0,0,0,0,0
1,1,NPU,52,Q4D_NIF,4,100000,COPPER,,,,,,0,0,0,0,0,0,0,0,0,0
1,1,NPU,52,Q4D_NIF,4,100000,OPTICAL,,,,,,0,0,0,0,0,0,0,0,0,0
1,1,NPU,52,Q4D_NIF,5,100000,COPPER,,,,,,0,0,0,0,0,0,0,0,0,0
1,1,NPU,52,Q4D_NIF,5,100000,OPTICAL,,,,,,0,0,0,0,0,0,0,0,0,0
1,1,NPU,52,Q4D_NIF,6,100000,COPPER,,,,,,0,0,0,0,0,0,0,0,0,0
1,1,NPU,52,Q4D_NIF,6,100000,OPTICAL,,,,,,0,0,0,0,0,0,0,0,0,0
1,1,NPU,52,Q4D_NIF,7,100000,COPPER,,,,,,0,0,0,0,0,0,0,0,0,0
1,1,NPU,52,Q4D_NIF,7,100000,OPTICAL,,,,,,0,0,0,0,0,0,0,0,0,0
1,1,NPU,53,Q4D_NIF,0,100000,COPPER,,,,,,0,0,0,0,0,0,0,0,0,0
1,1,NPU,53,Q4D_NIF,0,100000,OPTICAL,,,,,,0,0,0,0,0,0,0,0,0,0
1,1,NPU,53,Q4D_NIF,1,100000,COPPER,,,,,,0,0,0,0,0,0,0,0,0,0
1,1,NPU,53,Q4D_NIF,1,100000,OPTICAL,,,,,,0,0,0,0,0,0,0,0,0,0
1,1,NPU,53,Q4D_NIF,2,100000,COPPER,,,,,,0,0,0,0,0,0,0,0,0,0
1,1,NPU,53,Q4D_NIF,2,100000,OPTICAL,,,,,,0,0,0,0,0,0,0,0,0,0
1,1,NPU,53,Q4D_NIF,3,100000,COPPER,,,,,,0,0,0,0,0,0,0,0,0,0
1,1,NPU,53,Q4D_NIF,3,100000,OPTICAL,,,,,,0,0,0,0,0,0,0,0,0,0
1,1,NPU,53,Q4D_NIF,4,100000,COPPER,,,,,,0,0,0,0,0,0,0,0,0,0
1,1,NPU,53,Q4D_NIF,4,100000,OPTICAL,,,,,,0,0,0,0,0,0,0,0,0,0
1,1,NPU,53,Q4D_NIF,5,100000,COPPER,,,,,,0,0,0,0,0,0,0,0,0,0
1,1,NPU,53,Q4D_NIF,5,100000,OPTICAL,,,,,,0,0,0,0,0,0,0,0,0,0
1,1,NPU,53,Q4D_NIF,6,100000,COPPER,,,,,,0,0,0,0,0,0,0,0,0,0
1,1,NPU,53,Q4D_NIF,6,100000,OPTICAL,,,,,,0,0,0,0,0,0,0,0,0,0
1,1,NPU,53,Q4D_NIF,7,100000,COPPER,,,,,,0,0,0,0,0,0,0,0,0,0
1,1,NPU,53,Q4D_NIF,7,100000,OPTICAL,,,,,,0,0,0,0,0,0,0,0,0,0
1,1,NPU,54,Q4D_NIF,0,100000,COPPER,,,,,,0,0,0,0,0,0,0,0,0,0
1,1,NPU,54,Q4D_NIF,0,100000,OPTICAL,,,,,,0,0,0,0,0,0,0,0,0,0
1,1,NPU,54,Q4D_NIF,1,100000,COPPER,,,,,,0,0,0,0,0,0,0,0,0,0
1,1,NPU,54,Q4D_NIF,1,100000,OPTICAL,,,,,,0,0,0,0,0,0,0,0,0,0
1,1,NPU,54,Q4D_NIF,2,100000,COPPER,,,,,,0,0,0,0,0,0,0,0,0,0
1,1,NPU,54,Q4D_NIF,2,100000,OPTICAL,,,,,,0,0,0,0,0,0,0,0,0,0
1,1,NPU,54,Q4D_NIF,3,100000,COPPER,,,,,,0,0,0,0,0,0,0,0,0,0
1,1,NPU,54,Q4D_NIF,3,100000,OPTICAL,,,,,,0,0,0,0,0,0,0,0,0,0
1,1,NPU,54,Q4D_NIF,4,100000,COPPER,,,,,,0,0,0,0,0,0,0,0,0,0
1,1,NPU,54,Q4D_NIF,4,100000,OPTICAL,,,,,,0,0,0,0,0,0,0,0,0,0
1,1,NPU,54,Q4D_NIF,5,100000,COPPER,,,,,,0,0,0,0,0,0,0,0,0,0
1,1,NPU,54,Q4D_NIF,5,100000,OPTICAL,,,,,,0,0,0,0,0,0,0,0,0,0
1,1,NPU,54,Q4D_NIF,6,100000,COPPER,,,,,,0,0,0,0,0,0,0,0,0,0
1,1,NPU,54,Q4D_NIF,6,100000,OPTICAL,,,,,,0,0,0,0,0,0,0,0,0,0
1,1,NPU,54,Q4D_NIF,7,100000,COPPER,,,,,,0,0,0,0,0,0,0,0,0,0
1,1,NPU,54,Q4D_NIF,7,100000,OPTICAL,,,,,,0,0,0,0,0,0,0,0,0,0
1,1,NPU,55,Q4D_NIF,0,100000,COPPER,,,,,,0,0,0,0,0,0,0,0,0,0
1,1,NPU,55,Q4D_NIF,0,100000,OPTICAL,,,,,,0,0,0,0,0,0,0,0,0,0
1,1,NPU,55,Q4D_NIF,1,100000,COPPER,,,,,,0,0,0,0,0,0,0,0,0,0
1,1,NPU,55,Q4D_NIF,1,100000,OPTICAL,,,,,,0,0,0,0,0,0,0,0,0,0
1,1,NPU,55,Q4D_NIF,2,100000,COPPER,,,,,,0,0,0,0,0,0,0,0,0,0
1,1,NPU,55,Q4D_NIF,2,100000,OPTICAL,,,,,,0,0,0,0,0,0,0,0,0,0
1,1,NPU,55,Q4D_NIF,3,100000,COPPER,,,,,,0,0,0,0,0,0,0,0,0,0
1,1,NPU,55,Q4D_NIF,3,100000,OPTICAL,,,,,,0,0,0,0,0,0,0,0,0,0
1,1,NPU,55,Q4D_NIF,4,100000,COPPER,,,,,,0,0,0,0,0,0,0,0,0,0
1,1,NPU,55,Q4D_NIF,4,100000,OPTICAL,,,,,,0,0,0,0,0,0,0,0,0,0
1,1,NPU,55,Q4D_NIF,5,100000,COPPER,,,,,,0,0,0,0,0,0,0,0,0,0
1,1,NPU,55,Q4D_NIF,5,100000,OPTICAL,,,,,,0,0,0,0,0,0,0,0,0,0
1,1,NPU,55,Q4D_NIF,6,100000,COPPER,,,,,,0,0,0,0,0,0,0,0,0,0
1,1,NPU,55,Q4D_NIF,6,100000,OPTICAL,,,,,,0,0,0,0,0,0,0,0,0,0
1,1,NPU,55,Q4D_NIF,7,100000,COPPER,,,,,,0,0,0,0,0,0,0,0,0,0
1,1,NPU,55,Q4D_NIF,7,100000,OPTICAL,,,,,,0,0,0,0,0,0,0,0,0,0
1,1,NPU,56,Q4D_NIF,0,100000,COPPER,,,,,,0,0,0,0,0,0,0,0,0,0
1,1,NPU,56,Q4D_NIF,0,100000,OPTICAL,,,,,,0,0,0,0,0,0,0,0,0,0
1,1,NPU,56,Q4D_NIF,1,100000,COPPER,,,,,,0,0,0,0,0,0,0,0,0,0
1,1,NPU,56,Q4D_NIF,1,100000,OPTICAL,,,,,,0,0,0,0,0,0,0,0,0,0
1,1,NPU,56,Q4D_NIF,2,100000,COPPER,,,,,,0,0,0,0,0,0,0,0,0,0
1,1,NPU,56,Q4D_NIF,2,100000,OPTICAL,,,,,,0,0,0,0,0,0,0,0,0,0
1,1,NPU,56,Q4D_NIF,3,100000,COPPER,,,,,,0,0,0,0,0,0,0,0,0,0
1,1,NPU,56,Q4D_NIF,3,100000,OPTICAL,,,,,,0,0,0,0,0,0,0,0,0,0
1,1,NPU,56,Q4D_NIF,4,100000,COPPER,,,,,,0,0,0,0,0,0,0,0,0,0
1,1,NPU,56,Q4D_NIF,4,100000,OPTICAL,,,,,,0,0,0,0,0,0,0,0,0,0
1,1,NPU,56,Q4D_NIF,5,100000,COPPER,,,,,,0,0,0,0,0,0,0,0,0,0
1,1,NPU,56,Q4D_NIF,5,100000,OPTICAL,,,,,,0,0,0,0,0,0,0,0,0,0
1,1,NPU,56,Q4D_NIF,6,100000,COPPER,,,,,,0,0,0,0,0,0,0,0,0,0
1,1,NPU,56,Q4D_NIF,6,100000,OPTICAL,,,,,,0,0,0,0,0,0,0,0,0,0
1,1,NPU,56,Q4D_NIF,7,100000,COPPER,,,,,,0,0,0,0,0,0,0,0,0,0
1,1,NPU,56,Q4D_NIF,7,100000,OPTICAL,,,,,,0,0,0,0,0,0,0,0,0,0
1,1,NPU,57,Q4D_NIF,0,100000,COPPER,,,,,,0,0,0,0,0,0,0,0,0,0
1,1,NPU,57,Q4D_NIF,0,100000,OPTICAL,,,,,,0,0,0,0,0,0,0,0,0,0
1,1,NPU,57,Q4D_NIF,1,100000,COPPER,,,,,,0,0,0,0,0,0,0,0,0,0
1,1,NPU,57,Q4D_NIF,1,100000,OPTICAL,,,,,,0,0,0,0,0,0,0,0,0,0
1,1,NPU,57,Q4D_NIF,2,100000,COPPER,,,,,,0,0,0,0,0,0,0,0,0,0
1,1,NPU,57,Q4D_NIF,2,100000,OPTICAL,,,,,,0,0,0,0,0,0,0,0,0,0
1,1,NPU,57,Q4D_NIF,3,100000,COPPER,,,,,,0,0,0,0,0,0,0,0,0,0
1,1,NPU,57,Q4D_NIF,3,100000,OPTICAL,,,,,,0,0,0,0,0,0,0,0,0,0
1,1,NPU,57,Q4D_NIF,4,100000,COPPER,,,,,,0,0,0,0,0,0,0,0,0,0
1,1,NPU,57,Q4D_NIF,4,100000,OPTICAL,,,,,,0,0,0,0,0,0,0,0,0,0
1,1,NPU,57,Q4D_NIF,5,100000,COPPER,,,,,,0,0,0,0,0,0,0,0,0,0
1,1,NPU,57,Q4D_NIF,5,100000,OPTICAL,,,,,,0,0,0,0,0,0,0,0,0,0
1,1,NPU,57,Q4D_NIF,6,100000,COPPER,,,,,,0,0,0,0,0,0,0,0,0,0
1,1,NPU,57,Q4D_NIF,6,100000,OPTICAL,,,,,,0,0,0,0,0,0,0,0,0,0
1,1,NPU,57,Q4D_NIF,7,100000,COPPER,,,,,,0,0,0,0,0,0,0,0,0,0
1,1,NPU,57,Q4D_NIF,7,100000,OPTICAL,,,,,,0,0,0,0,0,0,0,0,0,0
1,1,NPU,58,Q4D_NIF,0,100000,COPPER,,,,,,0,0,0,0,0,0,0,0,0,0
1,1,NPU,58,Q4D_NIF,0,100000,OPTICAL,,,,,,0,0,0,0,0,0,0,0,0,0
1,1,NPU,58,Q4D_NIF,1,100000,COPPER,,,,,,0,0,0,0,0,0,0,0,0,0
1,1,NPU,58,Q4D_NIF,1,100000,OPTICAL,,,,,,0,0,0,0,0,0,0,0,0,0
1,1,NPU,58,Q4D_NIF,2,100000,COPPER,,,,,,0,0,0,0,0,0,0,0,0,0
1,1,NPU,58,Q4D_NIF,2,100000,OPTICAL,,,,,,0,0,0,0,0,0,0,0,0,0
1,1,NPU,58,Q4D_NIF,3,100000,COPPER,,,,,,0,0,0,0,0,0,0,0,0,0
1,1,NPU,58,Q4D_NIF,3,100000,OPTICAL,,,,,,0,0,0,0,0,0,0,0,0,0
1,1,NPU,58,Q4D_NIF,4,100000,COPPER,,,,,,0,0,0,0,0,0,0,0,0,0
1,1,NPU,58,Q4D_NIF,4,100000,OPTICAL,,,,,,0,0,0,0,0,0,0,0,0,0
1,1,NPU,58,Q4D_NIF,5,100000,COPPER,,,,,,0,0,0,0,0,0,0,0,0,0
1,1,NPU,58,Q4D_NIF,5,100000,OPTICAL,,,,,,0,0,0,0,0,0,0,0,0,0
1,1,NPU,58,Q4D_NIF,6,100000,COPPER,,,,,,0,0,0,0,0,0,0,0,0,0
1,1,NPU,58,Q4D_NIF,6,100000,OPTICAL,,,,,,0,0,0,0,0,0,0,0,0,0
1,1,NPU,58,Q4D_NIF,7,100000,COPPER,,,,,,0,0,0,0,0,0,0,0,0,0
1,1,NPU,58,Q4D_NIF,7,100000,OPTICAL,,,,,,0,0,0,0,0,0,0,0,0,0
1,1,NPU,59,Q4D_NIF,0,100000,COPPER,,,,,,0,0,0,0,0,0,0,0,0,0
1,1,NPU,59,Q4D_NIF,0,100000,OPTICAL,,,,,,0,0,0,0,0,0,0,0,0,0
1,1,NPU,59,Q4D_NIF,1,100000,COPPER,,,,,,0,0,0,0,0,0,0,0,0,0
1,1,NPU,59,Q4D_NIF,1,100000,OPTICAL,,,,,,0,0,0,0,0,0,0,0,0,0
1,1,NPU,59,Q4D_NIF,2,100000,COPPER,,,,,,0,0,0,0,0,0,0,0,0,0
1,1,NPU,59,Q4D_NIF,2,100000,OPTICAL,,,,,,0,0,0,0,0,0,0,0,0,0
1,1,NPU,59,Q4D_NIF,3,100000,COPPER,,,,,,0,0,0,0,0,0,0,0,0,0
1,1,NPU,59,Q4D_NIF,3,100000,OPTICAL,,,,,,0,0,0,0,0,0,0,0,0,0
1,1,NPU,59,Q4D_NIF,4,100000,COPPER,,,,,,0,0,0,0,0,0,0,0,0,0
1,1,NPU,59,Q4D_NIF,4,100000,OPTICAL,,,,,,0,0,0,0,0,0,0,0,0,0
1,1,NPU,59,Q4D_NIF,5,100000,COPPER,,,,,,0,0,0,0,0,0,0,0,0,0
1,1,NPU,59,Q4D_NIF,5,100000,OPTICAL,,,,,,0,0,0,0,0,0,0,0,0,0
1,1,NPU,59,Q4D_NIF,6,100000,COPPER,,,,,,0,0,0,0,0,0,0,0,0,0
1,1,NPU,59,Q4D_NIF,6,100000,OPTICAL,,,,,,0,0,0,0,0,0,0,0,0,0
1,1,NPU,59,Q4D_NIF,7,100000,COPPER,,,,,,0,0,0,0,0,0,0,0,0,0
1,1,NPU,59,Q4D_NIF,7,100000,OPTICAL,,,,,,0,0,0,0,0,0,0,0,0,0
1,1,NPU,60,Q4D_NIF,0,100000,COPPER,,,,,,0,0,0,0,0,0,0,0,0,0
1,1,NPU,60,Q4D_NIF,0,100000,OPTICAL,,,,,,0,0,0,0,0,0,0,0,0,0
1,1,NPU,60,Q4D_NIF,1,100000,COPPER,,,,,,0,0,0,0,0,0,0,0,0,0
1,1,NPU,60,Q4D_NIF,1,100000,OPTICAL,,,,,,0,0,0,0,0,0,0,0,0,0
1,1,NPU,60,Q4D_NIF,2,100000,COPPER,,,,,,0,0,0,0,0,0,0,0,0,0
1,1,NPU,60,Q4D_NIF,2,100000,OPTICAL,,,,,,0,0,0,0,0,0,0,0,0,0
1,1,NPU,60,Q4D_NIF,3,100000,COPPER,,,,,,0,0,0,0,0,0,0,0,0,0
1,1,NPU,60,Q4D_NIF,3,100000,OPTICAL,,,,,,0,0,0,0,0,0,0,0,0,0
1,1,NPU,60,Q4D_NIF,4,100000,COPPER,,,,,,0,0,0,0,0,0,0,0,0,0
1,1,NPU,60,Q4D_NIF,4,100000,OPTICAL,,,,,,0,0,0,0,0,0,0,0,0,0
1,1,NPU,60,Q4D_NIF,5,100000,COPPER,,,,,,0,0,0,0,0,0,0,0,0,0
1,1,NPU,60,Q4D_NIF,5,100000,OPTICAL,,,,,,0,0,0,0,0,0,0,0,0,0
1,1,NPU,60,Q4D_NIF,6,100000,COPPER,,,,,,0,0,0,0,0,0,0,0,0,0
1,1,NPU,60,Q4D_NIF,6,100000,OPTICAL,,,,,,0,0,0,0,0,0,0,0,0,0
1,1,NPU,60,Q4D_NIF,7,100000,COPPER,,,,,,0,0,0,0,0,0,0,0,0,0
1,1,NPU,60,Q4D_NIF,7,100000,OPTICAL,,,,,,0,0,0,0,0,0,0,0,0,0
1,1,NPU,61,Q4D_NIF,0,100000,COPPER,,,,,,0,0,0,0,0,0,0,0,0,0
1,1,NPU,61,Q4D_NIF,0,100000,OPTICAL,,,,,,0,0,0,0,0,0,0,0,0,0
1,1,NPU,61,Q4D_NIF,1,100000,COPPER,,,,,,0,0,0,0,0,0,0,0,0,0
1,1,NPU,61,Q4D_NIF,1,100000,OPTICAL,,,,,,0,0,0,0,0,0,0,0,0,0
1,1,NPU,61,Q4D_NIF,2,100000,COPPER,,,,,,0,0,0,0,0,0,0,0,0,0
1,1,NPU,61,Q4D_NIF,2,100000,OPTICAL,,,,,,0,0,0,0,0,0,0,0,0,0
1,1,NPU,61,Q4D_NIF,3,100000,COPPER,,,,,,0,0,0,0,0,0,0,0,0,0
1,1,NPU,61,Q4D_NIF,3,100000,OPTICAL,,,,,,0,0,0,0,0,0,0,0,0,0
1,1,NPU,61,Q4D_NIF,4,100000,COPPER,,,,,,0,0,0,0,0,0,0,0,0,0
1,1,NPU,61,Q4D_NIF,4,100000,OPTICAL,,,,,,0,0,0,0,0,0,0,0,0,0
1,1,NPU,61,Q4D_NIF,5,100000,COPPER,,,,,,0,0,0,0,0,0,0,0,0,0
1,1,NPU,61,Q4D_NIF,5,100000,OPTICAL,,,,,,0,0,0,0,0,0,0,0,0,0
1,1,NPU,61,Q4D_NIF,6,100000,COPPER,,,,,,0,0,0,0,0,0,0,0,0,0
1,1,NPU,61,Q4D_NIF,6,100000,OPTICAL,,,,,,0,0,0,0,0,0,0,0,0,0
1,1,NPU,61,Q4D_NIF,7,100000,COPPER,,,,,,0,0,0,0,0,0,0,0,0,0
1,1,NPU,61,Q4D_NIF,7,100000,OPTICAL,,,,,,0,0,0,0,0,0,0,0,0,0
1,1,NPU,62,Q4D_NIF,0,100000,COPPER,,,,,,0,0,0,0,0,0,0,0,0,0
1,1,NPU,62,Q4D_NIF,0,100000,OPTICAL,,,,,,0,0,0,0,0,0,0,0,0,0
1,1,NPU,62,Q4D_NIF,1,100000,COPPER,,,,,,0,0,0,0,0,0,0,0,0,0
1,1,NPU,62,Q4D_NIF,1,100000,OPTICAL,,,,,,0,0,0,0,0,0,0,0,0,0
1,1,NPU,62,Q4D_NIF,2,100000,COPPER,,,,,,0,0,0,0,0,0,0,0,0,0
1,1,NPU,62,Q4D_NIF,2,100000,OPTICAL,,,,,,0,0,0,0,0,0,0,0,0,0
1,1,NPU,62,Q4D_NIF,3,100000,COPPER,,,,,,0,0,0,0,0,0,0,0,0,0
1,1,NPU,62,Q4D_NIF,3,100000,OPTICAL,,,,,,0,0,0,0,0,0,0,0,0,0
1,1,NPU,62,Q4D_NIF,4,100000,COPPER,,,,,,0,0,0,0,0,0,0,0,0,0
1,1,NPU,62,Q4D_NIF,4,100000,OPTICAL,,,,,,0,0,0,0,0,0,0,0,0,0
1,1,NPU,62,Q4D_NIF,5,100000,COPPER,,,,,,0,0,0,0,0,0,0,0,0,0
1,1,NPU,62,Q4D_NIF,5,100000,OPTICAL,,,,,,0,0,0,0,0,0,0,0,0,0
1,1,NPU,62,Q4D_NIF,6,100000,COPPER,,,,,,0,0,0,0,0,0,0,0,0,0
1,1,NPU,62,Q4D_NIF,6,100000,OPTICAL,,,,,,0,0,0,0,0,0,0,0,0,0
1,1,NPU,62,Q4D_NIF,7,100000,COPPER,,,,,,0,0,0,0,0,0,0,0,0,0
1,1,NPU,62,Q4D_NIF,7,100000,OPTICAL,,,,,,0,0,0,0,0,0,0,0,0,0
1,1,NPU,63,Q4D_NIF,0,100000,COPPER,,,,,,0,0,0,0,0,0,0,0,0,0
1,1,NPU,63,Q4D_NIF,0,100000,OPTICAL,,,,,,0,0,0,0,0,0,0,0,0,0
1,1,NPU,63,Q4D_NIF,1,100000,COPPER,,,,,,0,0,0,0,0,0,0,0,0,0
1,1,NPU,63,Q4D_NIF,1,100000,OPTICAL,,,,,,0,0,0,0,0,0,0,0,0,0
1,1,NPU,63,Q4D_NIF,2,100000,COPPER,,,,,,0,0,0,0,0,0,0,0,0,0
1,1,NPU,63,Q4D_NIF,2,100000,OPTICAL,,,,,,0,0,0,0,0,0,0,0,0,0
1,1,NPU,63,Q4D_NIF,3,100000,COPPER,,,,,,0,0,0,0,0,0,0,0,0,0
1,1,NPU,63,Q4D_NIF,3,100000,OPTICAL,,,,,,0,0,0,0,0,0,0,0,0,0
1,1,NPU,63,Q4D_NIF,4,100000,COPPER,,,,,,0,0,0,0,0,0,0,0,0,0
1,1,NPU,63,Q4D_NIF,4,100000,OPTICAL,,,,,,0,0,0,0,0,0,0,0,0,0
1,1,NPU,63,Q4D_NIF,5,100000,COPPER,,,,,,0,0,0,0,0,0,0,0,0,0
1,1,NPU,63,Q4D_NIF,5,100000,OPTICAL,,,,,,0,0,0,0,0,0,0,0,0,0
1,1,NPU,63,Q4D_NIF,6,100000,COPPER,,,,,,0,0,0,0,0,0,0,0,0,0
1,1,NPU,63,Q4D_NIF,6,100000,OPTICAL,,,,,,0,0,0,0,0,0,0,0,0,0
1,1,NPU,63,Q4D_NIF,7,100000,COPPER,,,,,,0,0,0,0,0,0,0,0,0,0
1,1,NPU,63,Q4D_NIF,7,100000,OPTICAL,,,,,,0,0,0,0,0,0,0,0,0,0
