Global_PortID,Logical_PortID,Port_Name,Supported_Port_Profiles,Attached_CoreID,Attached_Core_PortID,Virtual_Device_ID,Port_Type,Scope
273,273,eth1/1/1,23-38-39-45-47-49-50-51-52-53,,,,0,0
274,274,eth1/1/2,47-49-53,,,,0,0
275,275,eth1/1/3,47-49-51-53,,,,0,0
276,276,eth1/1/4,47-49-53,,,,0,0
277,277,eth1/1/5,23-38-45-47-49-51-52-53,,,,0,0
278,278,eth1/1/6,47-49-53,,,,0,0
279,279,eth1/1/7,47-49-51-53,,,,0,0
280,280,eth1/1/8,47-49-53,,,,0,0
281,281,eth1/2/1,23-38-39-45-47-49-50-51-52-53,,,,0,0
282,282,eth1/2/2,47-49-53,,,,0,0
283,283,eth1/2/3,47-49-51-53,,,,0,0
284,284,eth1/2/4,47-49-53,,,,0,0
285,285,eth1/2/5,23-38-45-47-49-51-52-53,,,,0,0
286,286,eth1/2/6,47-49-53,,,,0,0
287,287,eth1/2/7,47-49-51-53,,,,0,0
288,288,eth1/2/8,47-49-53,,,,0,0
257,257,eth1/3/1,23-38-39-45-47-49-50-51-52-53,,,,0,0
258,258,eth1/3/2,47-49-53,,,,0,0
259,259,eth1/3/3,47-49-51-53,,,,0,0
260,260,eth1/3/4,47-49-53,,,,0,0
261,261,eth1/3/5,23-38-45-47-49-51-52-53,,,,0,0
262,262,eth1/3/6,47-49-53,,,,0,0
263,263,eth1/3/7,47-49-51-53,,,,0,0
264,264,eth1/3/8,47-49-53,,,,0,0
265,265,eth1/4/1,23-38-39-45-47-49-50-51-52-53,,,,0,0
266,266,eth1/4/2,47-49-53,,,,0,0
267,267,eth1/4/3,47-49-51-53,,,,0,0
268,268,eth1/4/4,47-49-53,,,,0,0
269,269,eth1/4/5,23-38-45-47-49-51-52-53,,,,0,0
270,270,eth1/4/6,47-49-53,,,,0,0
271,271,eth1/4/7,47-49-51-53,,,,0,0
272,272,eth1/4/8,47-49-53,,,,0,0
297,297,eth1/5/1,23-38-39-45-47-49-50-51-52-53,,,,0,0
298,298,eth1/5/2,47-49-53,,,,0,0
299,299,eth1/5/3,47-49-51-53,,,,0,0
300,300,eth1/5/4,47-49-53,,,,0,0
301,301,eth1/5/5,23-38-45-47-49-51-52-53,,,,0,0
302,302,eth1/5/6,47-49-53,,,,0,0
303,303,eth1/5/7,47-49-51-53,,,,0,0
304,304,eth1/5/8,47-49-53,,,,0,0
289,289,eth1/6/1,23-38-39-45-47-49-50-51-52-53,,,,0,0
290,290,eth1/6/2,47-49-53,,,,0,0
291,291,eth1/6/3,47-49-51-53,,,,0,0
292,292,eth1/6/4,47-49-53,,,,0,0
293,293,eth1/6/5,23-38-45-47-49-51-52-53,,,,0,0
294,294,eth1/6/6,47-49-53,,,,0,0
295,295,eth1/6/7,47-49-51-53,,,,0,0
296,296,eth1/6/8,47-49-53,,,,0,0
313,313,eth1/7/1,23-38-39-45-47-49-50-51-52-53,,,,0,0
314,314,eth1/7/2,47-49-53,,,,0,0
315,315,eth1/7/3,47-49-51-53,,,,0,0
316,316,eth1/7/4,47-49-53,,,,0,0
317,317,eth1/7/5,23-38-45-47-49-51-52-53,,,,0,0
318,318,eth1/7/6,47-49-53,,,,0,0
319,319,eth1/7/7,47-49-51-53,,,,0,0
320,320,eth1/7/8,47-49-53,,,,0,0
305,305,eth1/8/1,23-38-39-45-47-49-50-51-52-53,,,,0,0
306,306,eth1/8/2,47-49-53,,,,0,0
307,307,eth1/8/3,47-49-51-53,,,,0,0
308,308,eth1/8/4,47-49-53,,,,0,0
309,309,eth1/8/5,23-38-45-47-49-51-52-53,,,,0,0
310,310,eth1/8/6,47-49-53,,,,0,0
311,311,eth1/8/7,47-49-51-53,,,,0,0
312,312,eth1/8/8,47-49-53,,,,0,0
337,337,eth1/9/1,23-38-39-45-47-49-50-51-52-53,,,,0,0
338,338,eth1/9/2,47-49-53,,,,0,0
339,339,eth1/9/3,47-49-51-53,,,,0,0
340,340,eth1/9/4,47-49-53,,,,0,0
341,341,eth1/9/5,23-38-45-47-49-51-52-53,,,,0,0
342,342,eth1/9/6,47-49-53,,,,0,0
343,343,eth1/9/7,47-49-51-53,,,,0,0
344,344,eth1/9/8,47-49-53,,,,0,0
345,345,eth1/10/1,23-38-39-45-47-49-50-51-52-53,,,,0,0
346,346,eth1/10/2,47-49-53,,,,0,0
347,347,eth1/10/3,47-49-51-53,,,,0,0
348,348,eth1/10/4,47-49-53,,,,0,0
349,349,eth1/10/5,23-38-45-47-49-51-52-53,,,,0,0
350,350,eth1/10/6,47-49-53,,,,0,0
351,351,eth1/10/7,47-49-51-53,,,,0,0
352,352,eth1/10/8,47-49-53,,,,0,0
321,321,eth1/11/1,23-38-39-45-47-49-50-51-52-53,,,,0,0
322,322,eth1/11/2,47-49-53,,,,0,0
323,323,eth1/11/3,47-49-51-53,,,,0,0
324,324,eth1/11/4,47-49-53,,,,0,0
325,325,eth1/11/5,23-38-45-47-49-51-52-53,,,,0,0
326,326,eth1/11/6,47-49-53,,,,0,0
327,327,eth1/11/7,47-49-51-53,,,,0,0
328,328,eth1/11/8,47-49-53,,,,0,0
329,329,eth1/12/1,23-38-39-45-47-49-50-51-52-53,,,,0,0
330,330,eth1/12/2,47-49-53,,,,0,0
331,331,eth1/12/3,47-49-51-53,,,,0,0
332,332,eth1/12/4,47-49-53,,,,0,0
333,333,eth1/12/5,23-38-45-47-49-51-52-53,,,,0,0
334,334,eth1/12/6,47-49-53,,,,0,0
335,335,eth1/12/7,47-49-51-53,,,,0,0
336,336,eth1/12/8,47-49-53,,,,0,0
361,361,eth1/13/1,23-38-39-45-47-49-50-51-52-53,,,,0,0
362,362,eth1/13/2,47-49-53,,,,0,0
363,363,eth1/13/3,47-49-51-53,,,,0,0
364,364,eth1/13/4,47-49-53,,,,0,0
365,365,eth1/13/5,23-38-45-47-49-51-52-53,,,,0,0
366,366,eth1/13/6,47-49-53,,,,0,0
367,367,eth1/13/7,47-49-51-53,,,,0,0
368,368,eth1/13/8,47-49-53,,,,0,0
353,353,eth1/14/1,23-38-39-45-47-49-50-51-52-53,,,,0,0
354,354,eth1/14/2,47-49-53,,,,0,0
355,355,eth1/14/3,47-49-51-53,,,,0,0
356,356,eth1/14/4,47-49-53,,,,0,0
357,357,eth1/14/5,23-38-45-47-49-51-52-53,,,,0,0
358,358,eth1/14/6,47-49-53,,,,0,0
359,359,eth1/14/7,47-49-51-53,,,,0,0
360,360,eth1/14/8,47-49-53,,,,0,0
377,377,eth1/15/1,23-38-39-45-47-49-50-51-52-53,,,,0,0
378,378,eth1/15/2,47-49-53,,,,0,0
379,379,eth1/15/3,47-49-51-53,,,,0,0
380,380,eth1/15/4,47-49-53,,,,0,0
381,381,eth1/15/5,23-38-45-47-49-51-52-53,,,,0,0
382,382,eth1/15/6,47-49-53,,,,0,0
383,383,eth1/15/7,47-49-51-53,,,,0,0
384,384,eth1/15/8,47-49-53,,,,0,0
369,369,eth1/16/1,23-38-39-45-47-49-50-51-52-53,,,,0,0
370,370,eth1/16/2,47-49-53,,,,0,0
371,371,eth1/16/3,47-49-51-53,,,,0,0
372,372,eth1/16/4,47-49-53,,,,0,0
373,373,eth1/16/5,23-38-45-47-49-51-52-53,,,,0,0
374,374,eth1/16/6,47-49-53,,,,0,0
375,375,eth1/16/7,47-49-51-53,,,,0,0
376,376,eth1/16/8,47-49-53,,,,0,0
401,401,eth1/17/1,23-38-39-45-47-49-50-51-52-53,,,,0,0
402,402,eth1/17/2,47-49-53,,,,0,0
403,403,eth1/17/3,47-49-51-53,,,,0,0
404,404,eth1/17/4,47-49-53,,,,0,0
405,405,eth1/17/5,23-38-45-47-49-51-52-53,,,,0,0
406,406,eth1/17/6,47-49-53,,,,0,0
407,407,eth1/17/7,47-49-51-53,,,,0,0
408,408,eth1/17/8,47-49-53,,,,0,0
409,409,eth1/18/1,23-38-39-45-47-49-50-51-52-53,,,,0,0
410,410,eth1/18/2,47-49-53,,,,0,0
411,411,eth1/18/3,47-49-51-53,,,,0,0
412,412,eth1/18/4,47-49-53,,,,0,0
413,413,eth1/18/5,23-38-45-47-49-51-52-53,,,,0,0
414,414,eth1/18/6,47-49-53,,,,0,0
415,415,eth1/18/7,47-49-51-53,,,,0,0
416,416,eth1/18/8,47-49-53,,,,0,0
385,385,eth1/19/1,23-38-39-45-47-49-50-51-52-53,,,,0,0
386,386,eth1/19/2,47-49-53,,,,0,0
387,387,eth1/19/3,47-49-51-53,,,,0,0
388,388,eth1/19/4,47-49-53,,,,0,0
389,389,eth1/19/5,23-38-45-47-49-51-52-53,,,,0,0
390,390,eth1/19/6,47-49-53,,,,0,0
391,391,eth1/19/7,47-49-51-53,,,,0,0
392,392,eth1/19/8,47-49-53,,,,0,0
393,393,eth1/20/1,23-38-39-45-47-49-50-51-52-53,,,,0,0
394,394,eth1/20/2,47-49-53,,,,0,0
395,395,eth1/20/3,47-49-51-53,,,,0,0
396,396,eth1/20/4,47-49-53,,,,0,0
397,397,eth1/20/5,23-38-45-47-49-51-52-53,,,,0,0
398,398,eth1/20/6,47-49-53,,,,0,0
399,399,eth1/20/7,47-49-51-53,,,,0,0
400,400,eth1/20/8,47-49-53,,,,0,0
425,425,eth1/21/1,23-38-39-45-47-49-50-51-52-53,,,,0,0
426,426,eth1/21/2,47-49-53,,,,0,0
427,427,eth1/21/3,47-49-51-53,,,,0,0
428,428,eth1/21/4,47-49-53,,,,0,0
429,429,eth1/21/5,23-38-45-47-49-51-52-53,,,,0,0
430,430,eth1/21/6,47-49-53,,,,0,0
431,431,eth1/21/7,47-49-51-53,,,,0,0
432,432,eth1/21/8,47-49-53,,,,0,0
417,417,eth1/22/1,23-38-39-45-47-49-50-51-52-53,,,,0,0
418,418,eth1/22/2,47-49-53,,,,0,0
419,419,eth1/22/3,47-49-51-53,,,,0,0
420,420,eth1/22/4,47-49-53,,,,0,0
421,421,eth1/22/5,23-38-45-47-49-51-52-53,,,,0,0
422,422,eth1/22/6,47-49-53,,,,0,0
423,423,eth1/22/7,47-49-51-53,,,,0,0
424,424,eth1/22/8,47-49-53,,,,0,0
441,441,eth1/23/1,23-38-39-45-47-49-50-51-52-53,,,,0,0
442,442,eth1/23/2,47-49-53,,,,0,0
443,443,eth1/23/3,47-49-51-53,,,,0,0
444,444,eth1/23/4,47-49-53,,,,0,0
445,445,eth1/23/5,23-38-45-47-49-51-52-53,,,,0,0
446,446,eth1/23/6,47-49-53,,,,0,0
447,447,eth1/23/7,47-49-51-53,,,,0,0
448,448,eth1/23/8,47-49-53,,,,0,0
433,433,eth1/24/1,23-38-39-45-47-49-50-51-52-53,,,,0,0
434,434,eth1/24/2,47-49-53,,,,0,0
435,435,eth1/24/3,47-49-51-53,,,,0,0
436,436,eth1/24/4,47-49-53,,,,0,0
437,437,eth1/24/5,23-38-45-47-49-51-52-53,,,,0,0
438,438,eth1/24/6,47-49-53,,,,0,0
439,439,eth1/24/7,47-49-51-53,,,,0,0
440,440,eth1/24/8,47-49-53,,,,0,0
465,465,eth1/25/1,23-38-39-45-47-49-50-51-52-53,,,,0,0
466,466,eth1/25/2,47-49-53,,,,0,0
467,467,eth1/25/3,47-49-51-53,,,,0,0
468,468,eth1/25/4,47-49-53,,,,0,0
469,469,eth1/25/5,23-38-45-47-49-51-52-53,,,,0,0
470,470,eth1/25/6,47-49-53,,,,0,0
471,471,eth1/25/7,47-49-51-53,,,,0,0
472,472,eth1/25/8,47-49-53,,,,0,0
473,473,eth1/26/1,23-38-39-45-47-49-50-51-52-53,,,,0,0
474,474,eth1/26/2,47-49-53,,,,0,0
475,475,eth1/26/3,47-49-51-53,,,,0,0
476,476,eth1/26/4,47-49-53,,,,0,0
477,477,eth1/26/5,23-38-45-47-49-51-52-53,,,,0,0
478,478,eth1/26/6,47-49-53,,,,0,0
479,479,eth1/26/7,47-49-51-53,,,,0,0
480,480,eth1/26/8,47-49-53,,,,0,0
449,449,eth1/27/1,23-38-39-45-47-49-50-51-52-53,,,,0,0
450,450,eth1/27/2,47-49-53,,,,0,0
451,451,eth1/27/3,47-49-51-53,,,,0,0
452,452,eth1/27/4,47-49-53,,,,0,0
453,453,eth1/27/5,23-38-45-47-49-51-52-53,,,,0,0
454,454,eth1/27/6,47-49-53,,,,0,0
455,455,eth1/27/7,47-49-51-53,,,,0,0
456,456,eth1/27/8,47-49-53,,,,0,0
457,457,eth1/28/1,23-38-39-45-47-49-50-51-52-53,,,,0,0
458,458,eth1/28/2,47-49-53,,,,0,0
459,459,eth1/28/3,47-49-51-53,,,,0,0
460,460,eth1/28/4,47-49-53,,,,0,0
461,461,eth1/28/5,23-38-45-47-49-51-52-53,,,,0,0
462,462,eth1/28/6,47-49-53,,,,0,0
463,463,eth1/28/7,47-49-51-53,,,,0,0
464,464,eth1/28/8,47-49-53,,,,0,0
489,489,eth1/29/1,23-38-39-45-47-49-50-51-52-53,,,,0,0
490,490,eth1/29/2,47-49-53,,,,0,0
491,491,eth1/29/3,47-49-51-53,,,,0,0
492,492,eth1/29/4,47-49-53,,,,0,0
493,493,eth1/29/5,23-38-45-47-49-51-52-53,,,,0,0
494,494,eth1/29/6,47-49-53,,,,0,0
495,495,eth1/29/7,47-49-51-53,,,,0,0
496,496,eth1/29/8,47-49-53,,,,0,0
481,481,eth1/30/1,23-38-39-45-47-49-50-51-52-53,,,,0,0
482,482,eth1/30/2,47-49-53,,,,0,0
483,483,eth1/30/3,47-49-51-53,,,,0,0
484,484,eth1/30/4,47-49-53,,,,0,0
485,485,eth1/30/5,23-38-45-47-49-51-52-53,,,,0,0
486,486,eth1/30/6,47-49-53,,,,0,0
487,487,eth1/30/7,47-49-51-53,,,,0,0
488,488,eth1/30/8,47-49-53,,,,0,0
505,505,eth1/31/1,23-38-39-45-47-49-50-51-52-53,,,,0,0
506,506,eth1/31/2,47-49-53,,,,0,0
507,507,eth1/31/3,47-49-51-53,,,,0,0
508,508,eth1/31/4,47-49-53,,,,0,0
509,509,eth1/31/5,23-38-45-47-49-51-52-53,,,,0,0
510,510,eth1/31/6,47-49-53,,,,0,0
511,511,eth1/31/7,47-49-51-53,,,,0,0
512,512,eth1/31/8,47-49-53,,,,0,0
497,497,eth1/32/1,23-38-39-45-47-49-50-51-52-53,,,,0,0
498,498,eth1/32/2,47-49-53,,,,0,0
499,499,eth1/32/3,47-49-51-53,,,,0,0
500,500,eth1/32/4,47-49-53,,,,0,0
501,501,eth1/32/5,23-38-45-47-49-51-52-53,,,,0,0
502,502,eth1/32/6,47-49-53,,,,0,0
503,503,eth1/32/7,47-49-51-53,,,,0,0
504,504,eth1/32/8,47-49-53,,,,0,0
17,17,eth1/33/1,23-38-39-45-47-49-50-51-52-53,,,,0,0
18,18,eth1/33/2,47-49-53,,,,0,0
19,19,eth1/33/3,47-49-51-53,,,,0,0
20,20,eth1/33/4,47-49-53,,,,0,0
21,21,eth1/33/5,23-38-45-47-49-51-52-53,,,,0,0
22,22,eth1/33/6,47-49-53,,,,0,0
23,23,eth1/33/7,47-49-51-53,,,,0,0
24,24,eth1/33/8,47-49-53,,,,0,0
25,25,eth1/34/1,23-38-39-45-47-49-50-51-52-53,,,,0,0
26,26,eth1/34/2,47-49-53,,,,0,0
27,27,eth1/34/3,47-49-51-53,,,,0,0
28,28,eth1/34/4,47-49-53,,,,0,0
29,29,eth1/34/5,23-38-45-47-49-51-52-53,,,,0,0
30,30,eth1/34/6,47-49-53,,,,0,0
31,31,eth1/34/7,47-49-51-53,,,,0,0
32,32,eth1/34/8,47-49-53,,,,0,0
1,1,eth1/35/1,23-38-39-45-47-49-50-51-52-53,,,,0,0
2,2,eth1/35/2,47-49-53,,,,0,0
3,3,eth1/35/3,47-49-51-53,,,,0,0
4,4,eth1/35/4,47-49-53,,,,0,0
5,5,eth1/35/5,23-38-45-47-49-51-52-53,,,,0,0
6,6,eth1/35/6,47-49-53,,,,0,0
7,7,eth1/35/7,47-49-51-53,,,,0,0
8,8,eth1/35/8,47-49-53,,,,0,0
9,9,eth1/36/1,23-38-39-45-47-49-50-51-52-53,,,,0,0
10,10,eth1/36/2,47-49-53,,,,0,0
11,11,eth1/36/3,47-49-51-53,,,,0,0
12,12,eth1/36/4,47-49-53,,,,0,0
13,13,eth1/36/5,23-38-45-47-49-51-52-53,,,,0,0
14,14,eth1/36/6,47-49-53,,,,0,0
15,15,eth1/36/7,47-49-51-53,,,,0,0
16,16,eth1/36/8,47-49-53,,,,0,0
41,41,eth1/37/1,23-38-39-45-47-49-50-51-52-53,,,,0,0
42,42,eth1/37/2,47-49-53,,,,0,0
43,43,eth1/37/3,47-49-51-53,,,,0,0
44,44,eth1/37/4,47-49-53,,,,0,0
45,45,eth1/37/5,23-38-45-47-49-51-52-53,,,,0,0
46,46,eth1/37/6,47-49-53,,,,0,0
47,47,eth1/37/7,47-49-51-53,,,,0,0
48,48,eth1/37/8,47-49-53,,,,0,0
33,33,eth1/38/1,23-38-39-45-47-49-50-51-52-53,,,,0,0
34,34,eth1/38/2,47-49-53,,,,0,0
35,35,eth1/38/3,47-49-51-53,,,,0,0
36,36,eth1/38/4,47-49-53,,,,0,0
37,37,eth1/38/5,23-38-45-47-49-51-52-53,,,,0,0
38,38,eth1/38/6,47-49-53,,,,0,0
39,39,eth1/38/7,47-49-51-53,,,,0,0
40,40,eth1/38/8,47-49-53,,,,0,0
57,57,eth1/39/1,23-38-39-45-47-49-50-51-52-53,,,,0,0
58,58,eth1/39/2,47-49-53,,,,0,0
59,59,eth1/39/3,47-49-51-53,,,,0,0
60,60,eth1/39/4,47-49-53,,,,0,0
61,61,eth1/39/5,23-38-45-47-49-51-52-53,,,,0,0
62,62,eth1/39/6,47-49-53,,,,0,0
63,63,eth1/39/7,47-49-51-53,,,,0,0
64,64,eth1/39/8,47-49-53,,,,0,0
49,49,eth1/40/1,23-38-39-45-47-49-50-51-52-53,,,,0,0
50,50,eth1/40/2,47-49-53,,,,0,0
51,51,eth1/40/3,47-49-51-53,,,,0,0
52,52,eth1/40/4,47-49-53,,,,0,0
53,53,eth1/40/5,23-38-45-47-49-51-52-53,,,,0,0
54,54,eth1/40/6,47-49-53,,,,0,0
55,55,eth1/40/7,47-49-51-53,,,,0,0
56,56,eth1/40/8,47-49-53,,,,0,0
81,81,eth1/41/1,23-38-39-45-47-49-50-51-52-53,,,,0,0
82,82,eth1/41/2,47-49-53,,,,0,0
83,83,eth1/41/3,47-49-51-53,,,,0,0
84,84,eth1/41/4,47-49-53,,,,0,0
85,85,eth1/41/5,23-38-45-47-49-51-52-53,,,,0,0
86,86,eth1/41/6,47-49-53,,,,0,0
87,87,eth1/41/7,47-49-51-53,,,,0,0
88,88,eth1/41/8,47-49-53,,,,0,0
89,89,eth1/42/1,23-38-39-45-47-49-50-51-52-53,,,,0,0
90,90,eth1/42/2,47-49-53,,,,0,0
91,91,eth1/42/3,47-49-51-53,,,,0,0
92,92,eth1/42/4,47-49-53,,,,0,0
93,93,eth1/42/5,23-38-45-47-49-51-52-53,,,,0,0
94,94,eth1/42/6,47-49-53,,,,0,0
95,95,eth1/42/7,47-49-51-53,,,,0,0
96,96,eth1/42/8,47-49-53,,,,0,0
65,65,eth1/43/1,23-38-39-45-47-49-50-51-52-53,,,,0,0
66,66,eth1/43/2,47-49-53,,,,0,0
67,67,eth1/43/3,47-49-51-53,,,,0,0
68,68,eth1/43/4,47-49-53,,,,0,0
69,69,eth1/43/5,23-38-45-47-49-51-52-53,,,,0,0
70,70,eth1/43/6,47-49-53,,,,0,0
71,71,eth1/43/7,47-49-51-53,,,,0,0
72,72,eth1/43/8,47-49-53,,,,0,0
73,73,eth1/44/1,23-38-39-45-47-49-50-51-52-53,,,,0,0
74,74,eth1/44/2,47-49-53,,,,0,0
75,75,eth1/44/3,47-49-51-53,,,,0,0
76,76,eth1/44/4,47-49-53,,,,0,0
77,77,eth1/44/5,23-38-45-47-49-51-52-53,,,,0,0
78,78,eth1/44/6,47-49-53,,,,0,0
79,79,eth1/44/7,47-49-51-53,,,,0,0
80,80,eth1/44/8,47-49-53,,,,0,0
105,105,eth1/45/1,23-38-39-45-47-49-50-51-52-53,,,,0,0
106,106,eth1/45/2,47-49-53,,,,0,0
107,107,eth1/45/3,47-49-51-53,,,,0,0
108,108,eth1/45/4,47-49-53,,,,0,0
109,109,eth1/45/5,23-38-45-47-49-51-52-53,,,,0,0
110,110,eth1/45/6,47-49-53,,,,0,0
111,111,eth1/45/7,47-49-51-53,,,,0,0
112,112,eth1/45/8,47-49-53,,,,0,0
97,97,eth1/46/1,23-38-39-45-47-49-50-51-52-53,,,,0,0
98,98,eth1/46/2,47-49-53,,,,0,0
99,99,eth1/46/3,47-49-51-53,,,,0,0
100,100,eth1/46/4,47-49-53,,,,0,0
101,101,eth1/46/5,23-38-45-47-49-51-52-53,,,,0,0
102,102,eth1/46/6,47-49-53,,,,0,0
103,103,eth1/46/7,47-49-51-53,,,,0,0
104,104,eth1/46/8,47-49-53,,,,0,0
121,121,eth1/47/1,23-38-39-45-47-49-50-51-52-53,,,,0,0
122,122,eth1/47/2,47-49-53,,,,0,0
123,123,eth1/47/3,47-49-51-53,,,,0,0
124,124,eth1/47/4,47-49-53,,,,0,0
125,125,eth1/47/5,23-38-45-47-49-51-52-53,,,,0,0
126,126,eth1/47/6,47-49-53,,,,0,0
127,127,eth1/47/7,47-49-51-53,,,,0,0
128,128,eth1/47/8,47-49-53,,,,0,0
113,113,eth1/48/1,23-38-39-45-47-49-50-51-52-53,,,,0,0
114,114,eth1/48/2,47-49-53,,,,0,0
115,115,eth1/48/3,47-49-51-53,,,,0,0
116,116,eth1/48/4,47-49-53,,,,0,0
117,117,eth1/48/5,23-38-45-47-49-51-52-53,,,,0,0
118,118,eth1/48/6,47-49-53,,,,0,0
119,119,eth1/48/7,47-49-51-53,,,,0,0
120,120,eth1/48/8,47-49-53,,,,0,0
145,145,eth1/49/1,23-38-39-45-47-49-50-51-52-53,,,,0,0
146,146,eth1/49/2,47-49-53,,,,0,0
147,147,eth1/49/3,47-49-51-53,,,,0,0
148,148,eth1/49/4,47-49-53,,,,0,0
149,149,eth1/49/5,23-38-45-47-49-51-52-53,,,,0,0
150,150,eth1/49/6,47-49-53,,,,0,0
151,151,eth1/49/7,47-49-51-53,,,,0,0
152,152,eth1/49/8,47-49-53,,,,0,0
153,153,eth1/50/1,23-38-39-45-47-49-50-51-52-53,,,,0,0
154,154,eth1/50/2,47-49-53,,,,0,0
155,155,eth1/50/3,47-49-51-53,,,,0,0
156,156,eth1/50/4,47-49-53,,,,0,0
157,157,eth1/50/5,23-38-45-47-49-51-52-53,,,,0,0
158,158,eth1/50/6,47-49-53,,,,0,0
159,159,eth1/50/7,47-49-51-53,,,,0,0
160,160,eth1/50/8,47-49-53,,,,0,0
129,129,eth1/51/1,23-38-39-45-47-49-50-51-52-53,,,,0,0
130,130,eth1/51/2,47-49-53,,,,0,0
131,131,eth1/51/3,47-49-51-53,,,,0,0
132,132,eth1/51/4,47-49-53,,,,0,0
133,133,eth1/51/5,23-38-45-47-49-51-52-53,,,,0,0
134,134,eth1/51/6,47-49-53,,,,0,0
135,135,eth1/51/7,47-49-51-53,,,,0,0
136,136,eth1/51/8,47-49-53,,,,0,0
137,137,eth1/52/1,23-38-39-45-47-49-50-51-52-53,,,,0,0
138,138,eth1/52/2,47-49-53,,,,0,0
139,139,eth1/52/3,47-49-51-53,,,,0,0
140,140,eth1/52/4,47-49-53,,,,0,0
141,141,eth1/52/5,23-38-45-47-49-51-52-53,,,,0,0
142,142,eth1/52/6,47-49-53,,,,0,0
143,143,eth1/52/7,47-49-51-53,,,,0,0
144,144,eth1/52/8,47-49-53,,,,0,0
169,169,eth1/53/1,23-38-39-45-47-49-50-51-52-53,,,,0,0
170,170,eth1/53/2,47-49-53,,,,0,0
171,171,eth1/53/3,47-49-51-53,,,,0,0
172,172,eth1/53/4,47-49-53,,,,0,0
173,173,eth1/53/5,23-38-45-47-49-51-52-53,,,,0,0
174,174,eth1/53/6,47-49-53,,,,0,0
175,175,eth1/53/7,47-49-51-53,,,,0,0
176,176,eth1/53/8,47-49-53,,,,0,0
161,161,eth1/54/1,23-38-39-45-47-49-50-51-52-53,,,,0,0
162,162,eth1/54/2,47-49-53,,,,0,0
163,163,eth1/54/3,47-49-51-53,,,,0,0
164,164,eth1/54/4,47-49-53,,,,0,0
165,165,eth1/54/5,23-38-45-47-49-51-52-53,,,,0,0
166,166,eth1/54/6,47-49-53,,,,0,0
167,167,eth1/54/7,47-49-51-53,,,,0,0
168,168,eth1/54/8,47-49-53,,,,0,0
185,185,eth1/55/1,23-38-39-45-47-49-50-51-52-53,,,,0,0
186,186,eth1/55/2,47-49-53,,,,0,0
187,187,eth1/55/3,47-49-51-53,,,,0,0
188,188,eth1/55/4,47-49-53,,,,0,0
189,189,eth1/55/5,23-38-45-47-49-51-52-53,,,,0,0
190,190,eth1/55/6,47-49-53,,,,0,0
191,191,eth1/55/7,47-49-51-53,,,,0,0
192,192,eth1/55/8,47-49-53,,,,0,0
177,177,eth1/56/1,23-38-39-45-47-49-50-51-52-53,,,,0,0
178,178,eth1/56/2,47-49-53,,,,0,0
179,179,eth1/56/3,47-49-51-53,,,,0,0
180,180,eth1/56/4,47-49-53,,,,0,0
181,181,eth1/56/5,23-38-45-47-49-51-52-53,,,,0,0
182,182,eth1/56/6,47-49-53,,,,0,0
183,183,eth1/56/7,47-49-51-53,,,,0,0
184,184,eth1/56/8,47-49-53,,,,0,0
209,209,eth1/57/1,23-38-39-45-47-49-50-51-52-53,,,,0,0
210,210,eth1/57/2,47-49-53,,,,0,0
211,211,eth1/57/3,47-49-51-53,,,,0,0
212,212,eth1/57/4,47-49-53,,,,0,0
213,213,eth1/57/5,23-38-45-47-49-51-52-53,,,,0,0
214,214,eth1/57/6,47-49-53,,,,0,0
215,215,eth1/57/7,47-49-51-53,,,,0,0
216,216,eth1/57/8,47-49-53,,,,0,0
217,217,eth1/58/1,23-38-39-45-47-49-50-51-52-53,,,,0,0
218,218,eth1/58/2,47-49-53,,,,0,0
219,219,eth1/58/3,47-49-51-53,,,,0,0
220,220,eth1/58/4,47-49-53,,,,0,0
221,221,eth1/58/5,23-38-45-47-49-51-52-53,,,,0,0
222,222,eth1/58/6,47-49-53,,,,0,0
223,223,eth1/58/7,47-49-51-53,,,,0,0
224,224,eth1/58/8,47-49-53,,,,0,0
193,193,eth1/59/1,23-38-39-45-47-49-50-51-52-53,,,,0,0
194,194,eth1/59/2,47-49-53,,,,0,0
195,195,eth1/59/3,47-49-51-53,,,,0,0
196,196,eth1/59/4,47-49-53,,,,0,0
197,197,eth1/59/5,23-38-45-47-49-51-52-53,,,,0,0
198,198,eth1/59/6,47-49-53,,,,0,0
199,199,eth1/59/7,47-49-51-53,,,,0,0
200,200,eth1/59/8,47-49-53,,,,0,0
201,201,eth1/60/1,23-38-39-45-47-49-50-51-52-53,,,,0,0
202,202,eth1/60/2,47-49-53,,,,0,0
203,203,eth1/60/3,47-49-51-53,,,,0,0
204,204,eth1/60/4,47-49-53,,,,0,0
205,205,eth1/60/5,23-38-45-47-49-51-52-53,,,,0,0
206,206,eth1/60/6,47-49-53,,,,0,0
207,207,eth1/60/7,47-49-51-53,,,,0,0
208,208,eth1/60/8,47-49-53,,,,0,0
233,233,eth1/61/1,23-38-39-45-47-49-50-51-52-53,,,,0,0
234,234,eth1/61/2,47-49-53,,,,0,0
235,235,eth1/61/3,47-49-51-53,,,,0,0
236,236,eth1/61/4,47-49-53,,,,0,0
237,237,eth1/61/5,23-38-45-47-49-51-52-53,,,,0,0
238,238,eth1/61/6,47-49-53,,,,0,0
239,239,eth1/61/7,47-49-51-53,,,,0,0
240,240,eth1/61/8,47-49-53,,,,0,0
225,225,eth1/62/1,23-38-39-45-47-49-50-51-52-53,,,,0,0
226,226,eth1/62/2,47-49-53,,,,0,0
227,227,eth1/62/3,47-49-51-53,,,,0,0
228,228,eth1/62/4,47-49-53,,,,0,0
229,229,eth1/62/5,23-38-45-47-49-51-52-53,,,,0,0
230,230,eth1/62/6,47-49-53,,,,0,0
231,231,eth1/62/7,47-49-51-53,,,,0,0
232,232,eth1/62/8,47-49-53,,,,0,0
249,249,eth1/63/1,23-38-39-45-47-49-50-51-52-53,,,,0,0
250,250,eth1/63/2,47-49-53,,,,0,0
251,251,eth1/63/3,47-49-51-53,,,,0,0
252,252,eth1/63/4,47-49-53,,,,0,0
253,253,eth1/63/5,23-38-45-47-49-51-52-53,,,,0,0
254,254,eth1/63/6,47-49-53,,,,0,0
255,255,eth1/63/7,47-49-51-53,,,,0,0
256,256,eth1/63/8,47-49-53,,,,0,0
241,241,eth1/64/1,23-38-39-45-47-49-50-51-52-53,,,,0,0
242,242,eth1/64/2,47-49-53,,,,0,0
243,243,eth1/64/3,47-49-51-53,,,,0,0
244,244,eth1/64/4,47-49-53,,,,0,0
245,245,eth1/64/5,23-38-45-47-49-51-52-53,,,,0,0
246,246,eth1/64/6,47-49-53,,,,0,0
247,247,eth1/64/7,47-49-51-53,,,,0,0
248,248,eth1/64/8,47-49-53,,,,0,0
